2025-11-13 17:44:44,538 [INFO] sqlalchemy.engine.Engine: BEGIN (implicit)
2025-11-13 17:44:44,539 [INFO] sqlalchemy.engine.Engine: PRAGMA main.table_info("user")
2025-11-13 17:44:44,540 [INFO] sqlalchemy.engine.Engine: [raw sql] ()
2025-11-13 17:44:44,542 [INFO] sqlalchemy.engine.Engine: PRAGMA main.table_info("patient")
2025-11-13 17:44:44,542 [INFO] sqlalchemy.engine.Engine: [raw sql] ()
2025-11-13 17:44:44,543 [INFO] sqlalchemy.engine.Engine: COMMIT
2025-11-13 17:44:44,562 [INFO]  BLUE WARRIORS: initilisation de rag
2025-11-13 17:44:44,562 [CRITICAL] =========== PIPELINE RAG FINALE ===============: Erreur lors de la lecture du fichier de configuration: Le fichier config.ini n'a pas pu être lu ou est vide.
2025-11-13 17:44:44,562 [ERROR]  BLUE WARRIORS: Error initializing RAG chain: Le fichier config.ini n'a pas pu être lu ou est vide.
2025-11-13 17:45:57,624 [INFO] sqlalchemy.engine.Engine: BEGIN (implicit)
2025-11-13 17:45:57,625 [INFO] sqlalchemy.engine.Engine: PRAGMA main.table_info("user")
2025-11-13 17:45:57,625 [INFO] sqlalchemy.engine.Engine: [raw sql] ()
2025-11-13 17:45:57,626 [INFO] sqlalchemy.engine.Engine: PRAGMA main.table_info("patient")
2025-11-13 17:45:57,627 [INFO] sqlalchemy.engine.Engine: [raw sql] ()
2025-11-13 17:45:57,627 [INFO] sqlalchemy.engine.Engine: COMMIT
2025-11-13 17:45:57,640 [INFO]  BLUE WARRIORS: initilisation de rag
2025-11-13 17:45:57,640 [CRITICAL] =========== PIPELINE RAG FINALE ===============: Erreur lors de la lecture du fichier de configuration: Le fichier config.ini n'a pas pu être lu ou est vide.
2025-11-13 17:45:57,641 [ERROR]  BLUE WARRIORS: Error initializing RAG chain: Le fichier config.ini n'a pas pu être lu ou est vide.
2025-11-13 17:49:26,437 [INFO] sqlalchemy.engine.Engine: BEGIN (implicit)
2025-11-13 17:49:26,438 [INFO] sqlalchemy.engine.Engine: PRAGMA main.table_info("user")
2025-11-13 17:49:26,438 [INFO] sqlalchemy.engine.Engine: [raw sql] ()
2025-11-13 17:49:26,439 [INFO] sqlalchemy.engine.Engine: PRAGMA main.table_info("patient")
2025-11-13 17:49:26,439 [INFO] sqlalchemy.engine.Engine: [raw sql] ()
2025-11-13 17:49:26,439 [INFO] sqlalchemy.engine.Engine: COMMIT
2025-11-13 17:49:26,462 [INFO]  BLUE WARRIORS: initilisation de rag
2025-11-13 17:49:26,463 [ERROR]  BLUE WARRIORS: Error initializing RAG chain: name 'Path' is not defined
2025-11-13 17:50:03,686 [INFO] sqlalchemy.engine.Engine: BEGIN (implicit)
2025-11-13 17:50:03,688 [INFO] sqlalchemy.engine.Engine: PRAGMA main.table_info("user")
2025-11-13 17:50:03,688 [INFO] sqlalchemy.engine.Engine: [raw sql] ()
2025-11-13 17:50:03,689 [INFO] sqlalchemy.engine.Engine: PRAGMA main.table_info("patient")
2025-11-13 17:50:03,690 [INFO] sqlalchemy.engine.Engine: [raw sql] ()
2025-11-13 17:50:03,690 [INFO] sqlalchemy.engine.Engine: COMMIT
2025-11-13 17:50:03,711 [INFO]  BLUE WARRIORS: initilisation de rag
2025-11-13 17:50:03,711 [CRITICAL] =========== PIPELINE RAG FINALE ===============: Erreur lors de la lecture du fichier de configuration: Le fichier config.ini n'a pas pu être lu ou est vide.
2025-11-13 17:50:03,712 [ERROR]  BLUE WARRIORS: Error initializing RAG chain: Le fichier config.ini n'a pas pu être lu ou est vide.
2025-11-13 17:50:17,425 [INFO] sqlalchemy.engine.Engine: BEGIN (implicit)
2025-11-13 17:50:17,426 [INFO] sqlalchemy.engine.Engine: PRAGMA main.table_info("user")
2025-11-13 17:50:17,426 [INFO] sqlalchemy.engine.Engine: [raw sql] ()
2025-11-13 17:50:17,427 [INFO] sqlalchemy.engine.Engine: PRAGMA main.table_info("patient")
2025-11-13 17:50:17,427 [INFO] sqlalchemy.engine.Engine: [raw sql] ()
2025-11-13 17:50:17,427 [INFO] sqlalchemy.engine.Engine: COMMIT
2025-11-13 17:50:17,440 [INFO]  BLUE WARRIORS: initilisation de rag
2025-11-13 17:50:17,440 [CRITICAL] =========== PIPELINE RAG FINALE ===============: Erreur lors de la lecture du fichier de configuration: Le fichier config.ini n'a pas pu être lu ou est vide.
2025-11-13 17:50:17,441 [ERROR]  BLUE WARRIORS: Error initializing RAG chain: Le fichier config.ini n'a pas pu être lu ou est vide.
2025-11-13 17:50:20,463 [INFO] sqlalchemy.engine.Engine: BEGIN (implicit)
2025-11-13 17:50:20,463 [INFO] sqlalchemy.engine.Engine: PRAGMA main.table_info("user")
2025-11-13 17:50:20,463 [INFO] sqlalchemy.engine.Engine: [raw sql] ()
2025-11-13 17:50:20,464 [INFO] sqlalchemy.engine.Engine: PRAGMA main.table_info("patient")
2025-11-13 17:50:20,464 [INFO] sqlalchemy.engine.Engine: [raw sql] ()
2025-11-13 17:50:20,465 [INFO] sqlalchemy.engine.Engine: COMMIT
2025-11-13 17:50:20,475 [INFO]  BLUE WARRIORS: initilisation de rag
2025-11-13 17:50:20,476 [CRITICAL] =========== PIPELINE RAG FINALE ===============: Erreur lors de la lecture du fichier de configuration: Le fichier config.ini n'a pas pu être lu ou est vide.
2025-11-13 17:50:20,476 [ERROR]  BLUE WARRIORS: Error initializing RAG chain: Le fichier config.ini n'a pas pu être lu ou est vide.
2025-11-13 17:50:45,764 [INFO] sqlalchemy.engine.Engine: BEGIN (implicit)
2025-11-13 17:50:45,764 [INFO] sqlalchemy.engine.Engine: PRAGMA main.table_info("user")
2025-11-13 17:50:45,764 [INFO] sqlalchemy.engine.Engine: [raw sql] ()
2025-11-13 17:50:45,765 [INFO] sqlalchemy.engine.Engine: PRAGMA main.table_info("patient")
2025-11-13 17:50:45,766 [INFO] sqlalchemy.engine.Engine: [raw sql] ()
2025-11-13 17:50:45,766 [INFO] sqlalchemy.engine.Engine: COMMIT
2025-11-13 17:50:45,779 [INFO]  BLUE WARRIORS: initilisation de rag
2025-11-13 17:50:45,780 [CRITICAL] =========== PIPELINE RAG FINALE ===============: Erreur lors de la lecture du fichier de configuration: Le fichier config.ini n'a pas pu être lu ou est vide.
2025-11-13 17:50:45,780 [ERROR]  BLUE WARRIORS: Error initializing RAG chain: Le fichier config.ini n'a pas pu être lu ou est vide.
2025-11-13 21:05:26,327 [INFO] sqlalchemy.engine.Engine: BEGIN (implicit)
2025-11-13 21:05:26,329 [INFO] sqlalchemy.engine.Engine: PRAGMA main.table_info("user")
2025-11-13 21:05:26,329 [INFO] sqlalchemy.engine.Engine: [raw sql] ()
2025-11-13 21:05:26,330 [INFO] sqlalchemy.engine.Engine: PRAGMA main.table_info("patient")
2025-11-13 21:05:26,330 [INFO] sqlalchemy.engine.Engine: [raw sql] ()
2025-11-13 21:05:26,331 [INFO] sqlalchemy.engine.Engine: COMMIT
2025-11-13 21:05:26,345 [INFO]  BLUE WARRIORS: initilisation de rag
2025-11-13 21:05:26,345 [CRITICAL] =========== PIPELINE RAG FINALE ===============: Erreur lors de la lecture du fichier de configuration: Le fichier config.ini n'a pas pu être lu ou est vide.
2025-11-13 21:05:26,345 [ERROR]  BLUE WARRIORS: Error initializing RAG chain: Le fichier config.ini n'a pas pu être lu ou est vide.
2025-11-13 21:08:15,983 [INFO] sqlalchemy.engine.Engine: BEGIN (implicit)
2025-11-13 21:08:15,984 [INFO] sqlalchemy.engine.Engine: PRAGMA main.table_info("user")
2025-11-13 21:08:15,984 [INFO] sqlalchemy.engine.Engine: [raw sql] ()
2025-11-13 21:08:15,985 [INFO] sqlalchemy.engine.Engine: PRAGMA main.table_info("patient")
2025-11-13 21:08:15,985 [INFO] sqlalchemy.engine.Engine: [raw sql] ()
2025-11-13 21:08:15,985 [INFO] sqlalchemy.engine.Engine: COMMIT
2025-11-13 21:08:16,000 [INFO] BLUE WARRIORS: initilisation de rag
2025-11-13 21:08:16,000 [CRITICAL] =========== PIPELINE RAG FINALE ===============: Erreur lors de la lecture du fichier de configuration: Le fichier config.ini n'a pas pu être lu ou est vide.
2025-11-13 21:08:16,001 [ERROR] BLUE WARRIORS: Error initializing RAG chain: Le fichier config.ini n'a pas pu être lu ou est vide.
2025-11-13 21:08:19,531 [INFO] sqlalchemy.engine.Engine: BEGIN (implicit)
2025-11-13 21:08:19,532 [INFO] sqlalchemy.engine.Engine: PRAGMA main.table_info("user")
2025-11-13 21:08:19,532 [INFO] sqlalchemy.engine.Engine: [raw sql] ()
2025-11-13 21:08:19,533 [INFO] sqlalchemy.engine.Engine: PRAGMA main.table_info("patient")
2025-11-13 21:08:19,534 [INFO] sqlalchemy.engine.Engine: [raw sql] ()
2025-11-13 21:08:19,535 [INFO] sqlalchemy.engine.Engine: COMMIT
2025-11-13 21:08:19,552 [INFO] ==============BLUE WARRIORS: initilisation de rag
2025-11-13 21:08:19,552 [CRITICAL] =========== PIPELINE RAG FINALE ===============: Erreur lors de la lecture du fichier de configuration: Le fichier config.ini n'a pas pu être lu ou est vide.
2025-11-13 21:08:19,552 [ERROR] ==============BLUE WARRIORS: Error initializing RAG chain: Le fichier config.ini n'a pas pu être lu ou est vide.
2025-11-13 21:08:22,955 [INFO] sqlalchemy.engine.Engine: BEGIN (implicit)
2025-11-13 21:08:22,956 [INFO] sqlalchemy.engine.Engine: PRAGMA main.table_info("user")
2025-11-13 21:08:22,956 [INFO] sqlalchemy.engine.Engine: [raw sql] ()
2025-11-13 21:08:22,957 [INFO] sqlalchemy.engine.Engine: PRAGMA main.table_info("patient")
2025-11-13 21:08:22,957 [INFO] sqlalchemy.engine.Engine: [raw sql] ()
2025-11-13 21:08:22,957 [INFO] sqlalchemy.engine.Engine: COMMIT
2025-11-13 21:08:22,969 [INFO] ==============BLUE WARRIORS============: initilisation de rag
2025-11-13 21:08:22,969 [CRITICAL] =========== PIPELINE RAG FINALE ===============: Erreur lors de la lecture du fichier de configuration: Le fichier config.ini n'a pas pu être lu ou est vide.
2025-11-13 21:08:22,970 [ERROR] ==============BLUE WARRIORS============: Error initializing RAG chain: Le fichier config.ini n'a pas pu être lu ou est vide.
2025-11-13 21:09:01,255 [INFO] sqlalchemy.engine.Engine: BEGIN (implicit)
2025-11-13 21:09:01,255 [INFO] sqlalchemy.engine.Engine: PRAGMA main.table_info("user")
2025-11-13 21:09:01,255 [INFO] sqlalchemy.engine.Engine: [raw sql] ()
2025-11-13 21:09:01,256 [INFO] sqlalchemy.engine.Engine: PRAGMA main.table_info("patient")
2025-11-13 21:09:01,256 [INFO] sqlalchemy.engine.Engine: [raw sql] ()
2025-11-13 21:09:01,257 [INFO] sqlalchemy.engine.Engine: COMMIT
2025-11-13 21:09:01,267 [INFO] ==============BLUE WARRIORS============: initilisation de rag
2025-11-13 21:09:01,268 [CRITICAL] =========== PIPELINE RAG FINALE ===============: Erreur lors de la lecture du fichier de configuration: Le fichier config.ini n'a pas pu être lu ou est vide.
2025-11-13 21:09:01,268 [ERROR] ==============BLUE WARRIORS============: Error initializing RAG chain: Le fichier config.ini n'a pas pu être lu ou est vide.
2025-11-13 21:10:14,598 [INFO] sqlalchemy.engine.Engine: BEGIN (implicit)
2025-11-13 21:10:14,599 [INFO] sqlalchemy.engine.Engine: PRAGMA main.table_info("user")
2025-11-13 21:10:14,600 [INFO] sqlalchemy.engine.Engine: [raw sql] ()
2025-11-13 21:10:14,601 [INFO] sqlalchemy.engine.Engine: PRAGMA main.table_info("patient")
2025-11-13 21:10:14,601 [INFO] sqlalchemy.engine.Engine: [raw sql] ()
2025-11-13 21:10:14,601 [INFO] sqlalchemy.engine.Engine: COMMIT
2025-11-13 21:10:14,613 [INFO] ==============BLUE WARRIORS============: initilisation de rag
2025-11-13 21:10:14,615 [CRITICAL] =========== PIPELINE RAG FINALE ===============: Erreur lors de la lecture du fichier de configuration: Le fichier config.ini n'a pas pu être lu ou est vide.
2025-11-13 21:10:14,616 [ERROR] ==============BLUE WARRIORS============: Error initializing RAG chain: Le fichier config.ini n'a pas pu être lu ou est vide.
2025-11-13 21:15:23,636 [INFO] sqlalchemy.engine.Engine: BEGIN (implicit)
2025-11-13 21:15:23,637 [INFO] sqlalchemy.engine.Engine: PRAGMA main.table_info("user")
2025-11-13 21:15:23,637 [INFO] sqlalchemy.engine.Engine: [raw sql] ()
2025-11-13 21:15:23,638 [INFO] sqlalchemy.engine.Engine: PRAGMA main.table_info("patient")
2025-11-13 21:15:23,639 [INFO] sqlalchemy.engine.Engine: [raw sql] ()
2025-11-13 21:15:23,640 [INFO] sqlalchemy.engine.Engine: COMMIT
2025-11-13 21:15:23,659 [INFO] ==============BLUE WARRIORS============: initilisation de rag
2025-11-13 21:15:23,659 [CRITICAL] =========== PIPELINE RAG FINALE ===============: Erreur lors de la lecture du fichier de configuration: Le fichier config.ini n'a pas pu être lu ou est vide.
2025-11-13 21:15:23,660 [ERROR] ==============BLUE WARRIORS============: Error initializing RAG chain: Le fichier config.ini n'a pas pu être lu ou est vide.
2025-11-13 21:15:29,287 [INFO] sqlalchemy.engine.Engine: BEGIN (implicit)
2025-11-13 21:15:29,288 [INFO] sqlalchemy.engine.Engine: PRAGMA main.table_info("user")
2025-11-13 21:15:29,289 [INFO] sqlalchemy.engine.Engine: [raw sql] ()
2025-11-13 21:15:29,290 [INFO] sqlalchemy.engine.Engine: PRAGMA main.table_info("patient")
2025-11-13 21:15:29,290 [INFO] sqlalchemy.engine.Engine: [raw sql] ()
2025-11-13 21:15:29,291 [INFO] sqlalchemy.engine.Engine: COMMIT
2025-11-13 21:15:29,311 [INFO] ==============BLUE WARRIORS============: initilisation de rag
2025-11-13 21:15:29,312 [CRITICAL] =========== PIPELINE RAG FINALE ===============: Erreur lors de la lecture du fichier de configuration: Le fichier config.ini n'a pas pu être lu ou est vide.
2025-11-13 21:15:29,312 [ERROR] ==============BLUE WARRIORS============: Error initializing RAG chain: Le fichier config.ini n'a pas pu être lu ou est vide.
2025-11-13 21:15:32,180 [INFO] sqlalchemy.engine.Engine: BEGIN (implicit)
2025-11-13 21:15:32,180 [INFO] sqlalchemy.engine.Engine: PRAGMA main.table_info("user")
2025-11-13 21:15:32,180 [INFO] sqlalchemy.engine.Engine: [raw sql] ()
2025-11-13 21:15:32,181 [INFO] sqlalchemy.engine.Engine: PRAGMA main.table_info("patient")
2025-11-13 21:15:32,181 [INFO] sqlalchemy.engine.Engine: [raw sql] ()
2025-11-13 21:15:32,182 [INFO] sqlalchemy.engine.Engine: COMMIT
2025-11-13 21:15:32,192 [INFO] ==============BLUE WARRIORS============: initilisation de rag
2025-11-13 21:15:32,194 [CRITICAL] =========== PIPELINE RAG FINALE ===============: Erreur lors de la lecture du fichier de configuration: Le fichier config.ini n'a pas pu être lu ou est vide.
2025-11-13 21:15:32,194 [ERROR] ==============BLUE WARRIORS============: Error initializing RAG chain: Le fichier config.ini n'a pas pu être lu ou est vide.
2025-11-13 21:15:35,649 [INFO] sqlalchemy.engine.Engine: BEGIN (implicit)
2025-11-13 21:15:35,649 [INFO] sqlalchemy.engine.Engine: PRAGMA main.table_info("user")
2025-11-13 21:15:35,649 [INFO] sqlalchemy.engine.Engine: [raw sql] ()
2025-11-13 21:15:35,650 [INFO] sqlalchemy.engine.Engine: PRAGMA main.table_info("patient")
2025-11-13 21:15:35,650 [INFO] sqlalchemy.engine.Engine: [raw sql] ()
2025-11-13 21:15:35,651 [INFO] sqlalchemy.engine.Engine: COMMIT
2025-11-13 21:15:35,668 [INFO] ==============BLUE WARRIORS============: initilisation de rag
2025-11-13 21:15:35,669 [CRITICAL] =========== PIPELINE RAG FINALE ===============: Erreur lors de la lecture du fichier de configuration: Le fichier config.ini n'a pas pu être lu ou est vide.
2025-11-13 21:15:35,669 [ERROR] ==============BLUE WARRIORS============: Error initializing RAG chain: Le fichier config.ini n'a pas pu être lu ou est vide.
2025-11-13 21:15:39,248 [INFO] sqlalchemy.engine.Engine: BEGIN (implicit)
2025-11-13 21:15:39,248 [INFO] sqlalchemy.engine.Engine: PRAGMA main.table_info("user")
2025-11-13 21:15:39,249 [INFO] sqlalchemy.engine.Engine: [raw sql] ()
2025-11-13 21:15:39,249 [INFO] sqlalchemy.engine.Engine: PRAGMA main.table_info("patient")
2025-11-13 21:15:39,249 [INFO] sqlalchemy.engine.Engine: [raw sql] ()
2025-11-13 21:15:39,250 [INFO] sqlalchemy.engine.Engine: COMMIT
2025-11-13 21:15:39,261 [INFO] ==============BLUE WARRIORS============: initilisation de rag
2025-11-13 21:15:39,262 [CRITICAL] =========== PIPELINE RAG FINALE ===============: Erreur lors de la lecture du fichier de configuration: Le fichier config.ini n'a pas pu être lu ou est vide.
2025-11-13 21:15:39,262 [ERROR] ==============BLUE WARRIORS============: Error initializing RAG chain: Le fichier config.ini n'a pas pu être lu ou est vide.
2025-11-13 21:15:42,257 [INFO] sqlalchemy.engine.Engine: BEGIN (implicit)
2025-11-13 21:15:42,257 [INFO] sqlalchemy.engine.Engine: PRAGMA main.table_info("user")
2025-11-13 21:15:42,258 [INFO] sqlalchemy.engine.Engine: [raw sql] ()
2025-11-13 21:15:42,258 [INFO] sqlalchemy.engine.Engine: PRAGMA main.table_info("patient")
2025-11-13 21:15:42,259 [INFO] sqlalchemy.engine.Engine: [raw sql] ()
2025-11-13 21:15:42,259 [INFO] sqlalchemy.engine.Engine: COMMIT
2025-11-13 21:15:42,273 [INFO] ==============BLUE WARRIORS============: initilisation de rag
2025-11-13 21:15:42,273 [CRITICAL] =========== PIPELINE RAG FINALE ===============: Erreur lors de la lecture du fichier de configuration: Le fichier config.ini n'a pas pu être lu ou est vide.
2025-11-13 21:15:42,273 [ERROR] ==============BLUE WARRIORS============: Error initializing RAG chain: Le fichier config.ini n'a pas pu être lu ou est vide.
2025-11-13 21:26:22,528 [INFO] sqlalchemy.engine.Engine: BEGIN (implicit)
2025-11-13 21:26:22,529 [INFO] sqlalchemy.engine.Engine: PRAGMA main.table_info("user")
2025-11-13 21:26:22,529 [INFO] sqlalchemy.engine.Engine: [raw sql] ()
2025-11-13 21:26:22,530 [INFO] sqlalchemy.engine.Engine: PRAGMA main.table_info("patient")
2025-11-13 21:26:22,530 [INFO] sqlalchemy.engine.Engine: [raw sql] ()
2025-11-13 21:26:22,530 [INFO] sqlalchemy.engine.Engine: COMMIT
2025-11-13 21:26:22,542 [INFO] ==============BLUE WARRIORS============: initilisation de rag
2025-11-13 21:26:22,543 [CRITICAL] =========== PIPELINE RAG FINALE ===============: Erreur lors de la lecture du fichier de configuration: Le fichier config.ini n'a pas pu être lu ou est vide.
2025-11-13 21:26:22,543 [ERROR] ==============BLUE WARRIORS============: Error initializing RAG chain: Le fichier config.ini n'a pas pu être lu ou est vide.
2025-11-13 22:03:14,087 [INFO] sqlalchemy.engine.Engine: BEGIN (implicit)
2025-11-13 22:03:14,088 [INFO] sqlalchemy.engine.Engine: PRAGMA main.table_info("user")
2025-11-13 22:03:14,088 [INFO] sqlalchemy.engine.Engine: [raw sql] ()
2025-11-13 22:03:14,089 [INFO] sqlalchemy.engine.Engine: PRAGMA main.table_info("patient")
2025-11-13 22:03:14,089 [INFO] sqlalchemy.engine.Engine: [raw sql] ()
2025-11-13 22:03:14,090 [INFO] sqlalchemy.engine.Engine: COMMIT
2025-11-13 22:03:14,103 [INFO] ==============BLUE WARRIORS============: initilisation de rag
2025-11-13 22:03:14,103 [CRITICAL] =========== PIPELINE RAG FINALE ===============: Erreur lors de la lecture du fichier de configuration: Le fichier config.ini n'a pas pu être lu ou est vide.
2025-11-13 22:03:14,103 [ERROR] ==============BLUE WARRIORS============: Error initializing RAG chain: Le fichier config.ini n'a pas pu être lu ou est vide.
2025-11-13 22:03:16,889 [INFO] sqlalchemy.engine.Engine: BEGIN (implicit)
2025-11-13 22:03:16,890 [INFO] sqlalchemy.engine.Engine: PRAGMA main.table_info("user")
2025-11-13 22:03:16,890 [INFO] sqlalchemy.engine.Engine: [raw sql] ()
2025-11-13 22:03:16,891 [INFO] sqlalchemy.engine.Engine: PRAGMA main.table_info("patient")
2025-11-13 22:03:16,891 [INFO] sqlalchemy.engine.Engine: [raw sql] ()
2025-11-13 22:03:16,891 [INFO] sqlalchemy.engine.Engine: COMMIT
2025-11-13 22:03:16,905 [INFO] ==============BLUE WARRIORS============: initilisation de rag
2025-11-13 22:03:16,907 [INFO] =========== PIPELINE RAG FINALE ===============: Configuration lue avec succès depuis config.ini.
2025-11-13 22:03:16,907 [ERROR] =========== PIPELINE RAG FINALE ===============: Les clés d'environnement en sont pas chargés.
2025-11-13 22:03:16,907 [ERROR] ==============BLUE WARRIORS============: Error initializing RAG chain: No option 'api_groq_key' in section: 'API_KEYS'
2025-11-13 22:03:27,914 [INFO] sqlalchemy.engine.Engine: BEGIN (implicit)
2025-11-13 22:03:27,915 [INFO] sqlalchemy.engine.Engine: PRAGMA main.table_info("user")
2025-11-13 22:03:27,915 [INFO] sqlalchemy.engine.Engine: [raw sql] ()
2025-11-13 22:03:27,916 [INFO] sqlalchemy.engine.Engine: PRAGMA main.table_info("patient")
2025-11-13 22:03:27,916 [INFO] sqlalchemy.engine.Engine: [raw sql] ()
2025-11-13 22:03:27,917 [INFO] sqlalchemy.engine.Engine: COMMIT
2025-11-13 22:03:27,927 [INFO] ==============BLUE WARRIORS============: initilisation de rag
2025-11-13 22:03:27,928 [CRITICAL] =========== PIPELINE RAG FINALE ===============: Erreur lors de la lecture du fichier de configuration: Le fichier config.ini n'a pas pu être lu ou est vide.
2025-11-13 22:03:27,928 [ERROR] ==============BLUE WARRIORS============: Error initializing RAG chain: Le fichier config.ini n'a pas pu être lu ou est vide.
2025-11-13 22:04:08,758 [INFO] sqlalchemy.engine.Engine: BEGIN (implicit)
2025-11-13 22:04:08,759 [INFO] sqlalchemy.engine.Engine: PRAGMA main.table_info("user")
2025-11-13 22:04:08,759 [INFO] sqlalchemy.engine.Engine: [raw sql] ()
2025-11-13 22:04:08,759 [INFO] sqlalchemy.engine.Engine: PRAGMA main.table_info("patient")
2025-11-13 22:04:08,760 [INFO] sqlalchemy.engine.Engine: [raw sql] ()
2025-11-13 22:04:08,760 [INFO] sqlalchemy.engine.Engine: COMMIT
2025-11-13 22:04:08,770 [INFO] ==============BLUE WARRIORS============: initilisation de rag
2025-11-13 22:04:08,771 [INFO] =========== PIPELINE RAG FINALE ===============: Configuration lue avec succès depuis config.ini.
2025-11-13 22:04:08,771 [ERROR] =========== PIPELINE RAG FINALE ===============: Les clés d'environnement en sont pas chargés.
2025-11-13 22:04:08,771 [ERROR] ==============BLUE WARRIORS============: Error initializing RAG chain: No option 'api_groq_key' in section: 'API_KEYS'
2025-11-13 22:05:59,985 [INFO] sqlalchemy.engine.Engine: BEGIN (implicit)
2025-11-13 22:05:59,986 [INFO] sqlalchemy.engine.Engine: PRAGMA main.table_info("user")
2025-11-13 22:05:59,987 [INFO] sqlalchemy.engine.Engine: [raw sql] ()
2025-11-13 22:05:59,988 [INFO] sqlalchemy.engine.Engine: PRAGMA main.table_info("patient")
2025-11-13 22:05:59,989 [INFO] sqlalchemy.engine.Engine: [raw sql] ()
2025-11-13 22:05:59,990 [INFO] sqlalchemy.engine.Engine: COMMIT
2025-11-13 22:06:00,011 [INFO] ==============BLUE WARRIORS============: initilisation de rag
2025-11-13 22:06:00,013 [INFO] =========== PIPELINE RAG FINALE ===============: Configuration lue avec succès depuis config.ini.
2025-11-13 22:06:00,013 [ERROR] =========== PIPELINE RAG FINALE ===============: Les clés d'environnement en sont pas chargés.
2025-11-13 22:06:00,014 [ERROR] ==============BLUE WARRIORS============: Error initializing RAG chain: No option 'api_key_' in section: 'API_KEYS'
2025-11-13 22:06:02,944 [INFO] sqlalchemy.engine.Engine: BEGIN (implicit)
2025-11-13 22:06:02,944 [INFO] sqlalchemy.engine.Engine: PRAGMA main.table_info("user")
2025-11-13 22:06:02,944 [INFO] sqlalchemy.engine.Engine: [raw sql] ()
2025-11-13 22:06:02,945 [INFO] sqlalchemy.engine.Engine: PRAGMA main.table_info("patient")
2025-11-13 22:06:02,945 [INFO] sqlalchemy.engine.Engine: [raw sql] ()
2025-11-13 22:06:02,946 [INFO] sqlalchemy.engine.Engine: COMMIT
2025-11-13 22:06:02,960 [INFO] ==============BLUE WARRIORS============: initilisation de rag
2025-11-13 22:06:02,960 [INFO] =========== PIPELINE RAG FINALE ===============: Configuration lue avec succès depuis config.ini.
2025-11-13 22:06:02,961 [ERROR] =========== PIPELINE RAG FINALE ===============: Les clés d'environnement en sont pas chargés.
2025-11-13 22:06:02,961 [ERROR] ==============BLUE WARRIORS============: Error initializing RAG chain: No section: 'PINECONE_ENVIRONMENT'
2025-11-13 22:08:08,513 [INFO] sqlalchemy.engine.Engine: BEGIN (implicit)
2025-11-13 22:08:08,514 [INFO] sqlalchemy.engine.Engine: PRAGMA main.table_info("user")
2025-11-13 22:08:08,514 [INFO] sqlalchemy.engine.Engine: [raw sql] ()
2025-11-13 22:08:08,514 [INFO] sqlalchemy.engine.Engine: PRAGMA main.table_info("patient")
2025-11-13 22:08:08,515 [INFO] sqlalchemy.engine.Engine: [raw sql] ()
2025-11-13 22:08:08,515 [INFO] sqlalchemy.engine.Engine: COMMIT
2025-11-13 22:08:08,528 [INFO] ==============BLUE WARRIORS============: initilisation de rag
2025-11-13 22:08:08,529 [INFO] =========== PIPELINE RAG FINALE ===============: Configuration lue avec succès depuis config.ini.
2025-11-13 22:08:08,529 [ERROR] =========== PIPELINE RAG FINALE ===============: Les clés d'environnement en sont pas chargés.
2025-11-13 22:08:08,529 [ERROR] ==============BLUE WARRIORS============: Error initializing RAG chain: No section: 'PINECONE_ENVIRONMENT'
2025-11-13 22:08:18,431 [INFO] sqlalchemy.engine.Engine: BEGIN (implicit)
2025-11-13 22:08:18,432 [INFO] sqlalchemy.engine.Engine: PRAGMA main.table_info("user")
2025-11-13 22:08:18,432 [INFO] sqlalchemy.engine.Engine: [raw sql] ()
2025-11-13 22:08:18,432 [INFO] sqlalchemy.engine.Engine: PRAGMA main.table_info("patient")
2025-11-13 22:08:18,433 [INFO] sqlalchemy.engine.Engine: [raw sql] ()
2025-11-13 22:08:18,433 [INFO] sqlalchemy.engine.Engine: COMMIT
2025-11-13 22:08:18,443 [INFO] ==============BLUE WARRIORS============: initilisation de rag
2025-11-13 22:08:18,443 [INFO] =========== PIPELINE RAG FINALE ===============: Configuration lue avec succès depuis config.ini.
2025-11-13 22:08:18,443 [ERROR] =========== PIPELINE RAG FINALE ===============: Les clés d'environnement en sont pas chargés.
2025-11-13 22:08:18,444 [ERROR] ==============BLUE WARRIORS============: Error initializing RAG chain: RawConfigParser.get() missing 1 required positional argument: 'option'
2025-11-13 22:08:32,517 [INFO] sqlalchemy.engine.Engine: BEGIN (implicit)
2025-11-13 22:08:32,517 [INFO] sqlalchemy.engine.Engine: PRAGMA main.table_info("user")
2025-11-13 22:08:32,517 [INFO] sqlalchemy.engine.Engine: [raw sql] ()
2025-11-13 22:08:32,518 [INFO] sqlalchemy.engine.Engine: PRAGMA main.table_info("patient")
2025-11-13 22:08:32,518 [INFO] sqlalchemy.engine.Engine: [raw sql] ()
2025-11-13 22:08:32,519 [INFO] sqlalchemy.engine.Engine: COMMIT
2025-11-13 22:08:32,533 [INFO] ==============BLUE WARRIORS============: initilisation de rag
2025-11-13 22:08:32,534 [INFO] =========== PIPELINE RAG FINALE ===============: Configuration lue avec succès depuis config.ini.
2025-11-13 22:08:32,534 [ERROR] =========== PIPELINE RAG FINALE ===============: Les clés d'environnement en sont pas chargés.
2025-11-13 22:08:32,534 [ERROR] ==============BLUE WARRIORS============: Error initializing RAG chain: No section: 'PINECONE_ENVIRONMENT'
2025-11-13 22:08:36,406 [INFO] sqlalchemy.engine.Engine: BEGIN (implicit)
2025-11-13 22:08:36,407 [INFO] sqlalchemy.engine.Engine: PRAGMA main.table_info("user")
2025-11-13 22:08:36,408 [INFO] sqlalchemy.engine.Engine: [raw sql] ()
2025-11-13 22:08:36,409 [INFO] sqlalchemy.engine.Engine: PRAGMA main.table_info("patient")
2025-11-13 22:08:36,410 [INFO] sqlalchemy.engine.Engine: [raw sql] ()
2025-11-13 22:08:36,411 [INFO] sqlalchemy.engine.Engine: COMMIT
2025-11-13 22:08:36,437 [INFO] ==============BLUE WARRIORS============: initilisation de rag
2025-11-13 22:08:36,439 [INFO] =========== PIPELINE RAG FINALE ===============: Configuration lue avec succès depuis config.ini.
2025-11-13 22:08:36,440 [ERROR] =========== PIPELINE RAG FINALE ===============: Les clés d'environnement en sont pas chargés.
2025-11-13 22:08:36,441 [ERROR] ==============BLUE WARRIORS============: Error initializing RAG chain: No section: 'PINECONE_ENVIRONMENT'
2025-11-13 22:08:42,684 [INFO] sqlalchemy.engine.Engine: BEGIN (implicit)
2025-11-13 22:08:42,684 [INFO] sqlalchemy.engine.Engine: PRAGMA main.table_info("user")
2025-11-13 22:08:42,685 [INFO] sqlalchemy.engine.Engine: [raw sql] ()
2025-11-13 22:08:42,686 [INFO] sqlalchemy.engine.Engine: PRAGMA main.table_info("patient")
2025-11-13 22:08:42,686 [INFO] sqlalchemy.engine.Engine: [raw sql] ()
2025-11-13 22:08:42,686 [INFO] sqlalchemy.engine.Engine: COMMIT
2025-11-13 22:08:42,702 [INFO] ==============BLUE WARRIORS============: initilisation de rag
2025-11-13 22:08:42,702 [INFO] =========== PIPELINE RAG FINALE ===============: Configuration lue avec succès depuis config.ini.
2025-11-13 22:08:42,703 [ERROR] =========== PIPELINE RAG FINALE ===============: Les clés d'environnement en sont pas chargés.
2025-11-13 22:08:42,703 [ERROR] ==============BLUE WARRIORS============: Error initializing RAG chain: No section: 'PINECONE_ENVIRONMENT'
2025-11-13 22:08:47,076 [INFO] sqlalchemy.engine.Engine: BEGIN (implicit)
2025-11-13 22:08:47,076 [INFO] sqlalchemy.engine.Engine: PRAGMA main.table_info("user")
2025-11-13 22:08:47,077 [INFO] sqlalchemy.engine.Engine: [raw sql] ()
2025-11-13 22:08:47,078 [INFO] sqlalchemy.engine.Engine: PRAGMA main.table_info("patient")
2025-11-13 22:08:47,078 [INFO] sqlalchemy.engine.Engine: [raw sql] ()
2025-11-13 22:08:47,080 [INFO] sqlalchemy.engine.Engine: COMMIT
2025-11-13 22:08:47,095 [INFO] ==============BLUE WARRIORS============: initilisation de rag
2025-11-13 22:08:47,095 [INFO] =========== PIPELINE RAG FINALE ===============: Configuration lue avec succès depuis config.ini.
2025-11-13 22:08:47,096 [ERROR] =========== PIPELINE RAG FINALE ===============: Les clés d'environnement en sont pas chargés.
2025-11-13 22:08:47,096 [ERROR] ==============BLUE WARRIORS============: Error initializing RAG chain: No section: ''
2025-11-13 22:08:49,835 [INFO] sqlalchemy.engine.Engine: BEGIN (implicit)
2025-11-13 22:08:49,836 [INFO] sqlalchemy.engine.Engine: PRAGMA main.table_info("user")
2025-11-13 22:08:49,836 [INFO] sqlalchemy.engine.Engine: [raw sql] ()
2025-11-13 22:08:49,837 [INFO] sqlalchemy.engine.Engine: PRAGMA main.table_info("patient")
2025-11-13 22:08:49,838 [INFO] sqlalchemy.engine.Engine: [raw sql] ()
2025-11-13 22:08:49,838 [INFO] sqlalchemy.engine.Engine: COMMIT
2025-11-13 22:08:49,851 [INFO] ==============BLUE WARRIORS============: initilisation de rag
2025-11-13 22:08:49,851 [INFO] =========== PIPELINE RAG FINALE ===============: Configuration lue avec succès depuis config.ini.
2025-11-13 22:08:49,851 [INFO] =========== PIPELINE RAG FINALE ===============: Les environnements sont chargés avec succès
2025-11-13 22:08:49,852 [ERROR] ==============BLUE WARRIORS============: Error initializing RAG chain: build_retriever_local() missing 1 required positional argument: 'pinecone_api_key'
2025-11-13 22:12:32,475 [INFO] sqlalchemy.engine.Engine: BEGIN (implicit)
2025-11-13 22:12:32,476 [INFO] sqlalchemy.engine.Engine: PRAGMA main.table_info("user")
2025-11-13 22:12:32,477 [INFO] sqlalchemy.engine.Engine: [raw sql] ()
2025-11-13 22:12:32,478 [INFO] sqlalchemy.engine.Engine: PRAGMA main.table_info("patient")
2025-11-13 22:12:32,479 [INFO] sqlalchemy.engine.Engine: [raw sql] ()
2025-11-13 22:12:32,481 [INFO] sqlalchemy.engine.Engine: COMMIT
2025-11-13 22:12:32,502 [INFO] ==============BLUE WARRIORS============: initilisation de rag
2025-11-13 22:12:32,505 [INFO] =========== PIPELINE RAG FINALE ===============: Configuration lue avec succès depuis config.ini.
2025-11-13 22:12:32,506 [INFO] =========== PIPELINE RAG FINALE ===============: Les environnements sont chargés avec succès
2025-11-13 22:12:32,507 [ERROR] ==============BLUE WARRIORS============: Error initializing RAG chain: build_retriever_local() missing 1 required positional argument: 'pinecone_api_key'
2025-11-13 22:12:47,396 [INFO] sqlalchemy.engine.Engine: BEGIN (implicit)
2025-11-13 22:12:47,397 [INFO] sqlalchemy.engine.Engine: PRAGMA main.table_info("user")
2025-11-13 22:12:47,397 [INFO] sqlalchemy.engine.Engine: [raw sql] ()
2025-11-13 22:12:47,397 [INFO] sqlalchemy.engine.Engine: PRAGMA main.table_info("patient")
2025-11-13 22:12:47,398 [INFO] sqlalchemy.engine.Engine: [raw sql] ()
2025-11-13 22:12:47,398 [INFO] sqlalchemy.engine.Engine: COMMIT
2025-11-13 22:12:47,411 [INFO] ==============BLUE WARRIORS============: initilisation de rag
2025-11-13 22:12:47,411 [INFO] =========== PIPELINE RAG FINALE ===============: Configuration lue avec succès depuis config.ini.
2025-11-13 22:12:47,412 [INFO] =========== PIPELINE RAG FINALE ===============: Les environnements sont chargés avec succès
2025-11-13 22:12:47,412 [ERROR] ======RETRIEVER LOCAL BUILD===========: Erreur lors de la création du retriever local: BaseModel.__init__() takes 1 positional argument but 2 were given
2025-11-13 22:12:47,412 [ERROR] ==============BLUE WARRIORS============: Error initializing RAG chain: BaseModel.__init__() takes 1 positional argument but 2 were given
2025-11-13 22:13:33,819 [INFO] sqlalchemy.engine.Engine: BEGIN (implicit)
2025-11-13 22:13:33,820 [INFO] sqlalchemy.engine.Engine: PRAGMA main.table_info("user")
2025-11-13 22:13:33,821 [INFO] sqlalchemy.engine.Engine: [raw sql] ()
2025-11-13 22:13:33,821 [INFO] sqlalchemy.engine.Engine: PRAGMA main.table_info("patient")
2025-11-13 22:13:33,822 [INFO] sqlalchemy.engine.Engine: [raw sql] ()
2025-11-13 22:13:33,822 [INFO] sqlalchemy.engine.Engine: COMMIT
2025-11-13 22:13:33,832 [INFO] ==============BLUE WARRIORS============: initilisation de rag
2025-11-13 22:13:33,833 [INFO] =========== PIPELINE RAG FINALE ===============: Configuration lue avec succès depuis config.ini.
2025-11-13 22:13:33,833 [INFO] =========== PIPELINE RAG FINALE ===============: Les environnements sont chargés avec succès
2025-11-13 22:13:33,833 [ERROR] ======RETRIEVER LOCAL BUILD===========: Erreur lors de la création du retriever local: BaseModel.__init__() takes 1 positional argument but 2 were given
2025-11-13 22:13:33,834 [ERROR] ==============BLUE WARRIORS============: Error initializing RAG chain: BaseModel.__init__() takes 1 positional argument but 2 were given
2025-11-13 22:14:19,574 [INFO] sqlalchemy.engine.Engine: BEGIN (implicit)
2025-11-13 22:14:19,575 [INFO] sqlalchemy.engine.Engine: PRAGMA main.table_info("user")
2025-11-13 22:14:19,575 [INFO] sqlalchemy.engine.Engine: [raw sql] ()
2025-11-13 22:14:19,576 [INFO] sqlalchemy.engine.Engine: PRAGMA main.table_info("patient")
2025-11-13 22:14:19,576 [INFO] sqlalchemy.engine.Engine: [raw sql] ()
2025-11-13 22:14:19,576 [INFO] sqlalchemy.engine.Engine: COMMIT
2025-11-13 22:14:19,586 [INFO] ==============BLUE WARRIORS============: initilisation de rag
2025-11-13 22:14:19,587 [INFO] =========== PIPELINE RAG FINALE ===============: Configuration lue avec succès depuis config.ini.
2025-11-13 22:14:19,587 [INFO] =========== PIPELINE RAG FINALE ===============: Les environnements sont chargés avec succès
2025-11-13 22:14:19,587 [ERROR] ======RETRIEVER LOCAL BUILD===========: Erreur lors de la création du retriever local: BaseModel.__init__() takes 1 positional argument but 2 were given
2025-11-13 22:14:19,588 [ERROR] ==============BLUE WARRIORS============: Error initializing RAG chain: BaseModel.__init__() takes 1 positional argument but 2 were given
2025-11-13 22:17:44,799 [INFO] sqlalchemy.engine.Engine: BEGIN (implicit)
2025-11-13 22:17:44,800 [INFO] sqlalchemy.engine.Engine: PRAGMA main.table_info("user")
2025-11-13 22:17:44,801 [INFO] sqlalchemy.engine.Engine: [raw sql] ()
2025-11-13 22:17:44,802 [INFO] sqlalchemy.engine.Engine: PRAGMA main.table_info("patient")
2025-11-13 22:17:44,802 [INFO] sqlalchemy.engine.Engine: [raw sql] ()
2025-11-13 22:17:44,804 [INFO] sqlalchemy.engine.Engine: COMMIT
2025-11-13 22:17:44,827 [INFO] ==============BLUE WARRIORS============: initilisation de rag
2025-11-13 22:17:44,828 [INFO] =========== PIPELINE RAG FINALE ===============: Configuration lue avec succès depuis config.ini.
2025-11-13 22:17:44,828 [INFO] =========== PIPELINE RAG FINALE ===============: Les environnements sont chargés avec succès
2025-11-13 22:17:44,829 [ERROR] ======RETRIEVER LOCAL BUILD===========: Erreur lors de la création du retriever local: BaseModel.__init__() takes 1 positional argument but 2 were given
2025-11-13 22:17:44,829 [ERROR] ==============BLUE WARRIORS============: Error initializing RAG chain: BaseModel.__init__() takes 1 positional argument but 2 were given
2025-11-13 22:17:48,898 [INFO] sqlalchemy.engine.Engine: BEGIN (implicit)
2025-11-13 22:17:48,900 [INFO] sqlalchemy.engine.Engine: PRAGMA main.table_info("user")
2025-11-13 22:17:48,902 [INFO] sqlalchemy.engine.Engine: [raw sql] ()
2025-11-13 22:17:48,903 [INFO] sqlalchemy.engine.Engine: PRAGMA main.table_info("patient")
2025-11-13 22:17:48,903 [INFO] sqlalchemy.engine.Engine: [raw sql] ()
2025-11-13 22:17:48,904 [INFO] sqlalchemy.engine.Engine: COMMIT
2025-11-13 22:17:48,925 [INFO] ==============BLUE WARRIORS============: initilisation de rag
2025-11-13 22:17:48,926 [INFO] =========== PIPELINE RAG FINALE ===============: Configuration lue avec succès depuis config.ini.
2025-11-13 22:17:48,926 [INFO] =========== PIPELINE RAG FINALE ===============: Les environnements sont chargés avec succès
2025-11-13 22:17:48,926 [ERROR] ======RETRIEVER LOCAL BUILD===========: Erreur lors de la création du retriever local: BaseModel.__init__() takes 1 positional argument but 2 were given
2025-11-13 22:17:48,926 [ERROR] ==============BLUE WARRIORS============: Error initializing RAG chain: BaseModel.__init__() takes 1 positional argument but 2 were given
2025-11-13 22:17:51,804 [INFO] sqlalchemy.engine.Engine: BEGIN (implicit)
2025-11-13 22:17:51,805 [INFO] sqlalchemy.engine.Engine: PRAGMA main.table_info("user")
2025-11-13 22:17:51,805 [INFO] sqlalchemy.engine.Engine: [raw sql] ()
2025-11-13 22:17:51,806 [INFO] sqlalchemy.engine.Engine: PRAGMA main.table_info("patient")
2025-11-13 22:17:51,806 [INFO] sqlalchemy.engine.Engine: [raw sql] ()
2025-11-13 22:17:51,806 [INFO] sqlalchemy.engine.Engine: COMMIT
2025-11-13 22:17:51,819 [INFO] ==============BLUE WARRIORS============: initilisation de rag
2025-11-13 22:17:51,819 [INFO] =========== PIPELINE RAG FINALE ===============: Configuration lue avec succès depuis config.ini.
2025-11-13 22:17:51,820 [INFO] =========== PIPELINE RAG FINALE ===============: Les environnements sont chargés avec succès
2025-11-13 22:17:51,820 [ERROR] ======RETRIEVER LOCAL BUILD===========: Erreur lors de la création du retriever local: BaseModel.__init__() takes 1 positional argument but 2 were given
2025-11-13 22:17:51,820 [ERROR] ==============BLUE WARRIORS============: Error initializing RAG chain: BaseModel.__init__() takes 1 positional argument but 2 were given
2025-11-13 22:17:54,762 [INFO] sqlalchemy.engine.Engine: BEGIN (implicit)
2025-11-13 22:17:54,763 [INFO] sqlalchemy.engine.Engine: PRAGMA main.table_info("user")
2025-11-13 22:17:54,764 [INFO] sqlalchemy.engine.Engine: [raw sql] ()
2025-11-13 22:17:54,764 [INFO] sqlalchemy.engine.Engine: PRAGMA main.table_info("patient")
2025-11-13 22:17:54,765 [INFO] sqlalchemy.engine.Engine: [raw sql] ()
2025-11-13 22:17:54,765 [INFO] sqlalchemy.engine.Engine: COMMIT
2025-11-13 22:17:54,777 [INFO] ==============BLUE WARRIORS============: initilisation de rag
2025-11-13 22:17:54,778 [INFO] =========== PIPELINE RAG FINALE ===============: Configuration lue avec succès depuis config.ini.
2025-11-13 22:17:54,778 [INFO] =========== PIPELINE RAG FINALE ===============: Les environnements sont chargés avec succès
2025-11-13 22:17:54,778 [ERROR] ======RETRIEVER LOCAL BUILD===========: Erreur lors de la création du retriever local: BaseModel.__init__() takes 1 positional argument but 2 were given
2025-11-13 22:17:54,778 [ERROR] ==============BLUE WARRIORS============: Error initializing RAG chain: BaseModel.__init__() takes 1 positional argument but 2 were given
2025-11-13 22:19:49,197 [INFO] sqlalchemy.engine.Engine: BEGIN (implicit)
2025-11-13 22:19:49,197 [INFO] sqlalchemy.engine.Engine: PRAGMA main.table_info("user")
2025-11-13 22:19:49,197 [INFO] sqlalchemy.engine.Engine: [raw sql] ()
2025-11-13 22:19:49,198 [INFO] sqlalchemy.engine.Engine: PRAGMA main.table_info("patient")
2025-11-13 22:19:49,198 [INFO] sqlalchemy.engine.Engine: [raw sql] ()
2025-11-13 22:19:49,199 [INFO] sqlalchemy.engine.Engine: COMMIT
2025-11-13 22:19:49,212 [INFO] ==============BLUE WARRIORS============: initilisation de rag
2025-11-13 22:19:49,212 [INFO] =========== PIPELINE RAG FINALE ===============: Configuration lue avec succès depuis config.ini.
2025-11-13 22:19:49,213 [INFO] =========== PIPELINE RAG FINALE ===============: Les environnements sont chargés avec succès
2025-11-13 22:19:49,213 [ERROR] ======RETRIEVER LOCAL BUILD===========: Erreur lors de la création du retriever local: BaseModel.__init__() takes 1 positional argument but 2 were given
2025-11-13 22:19:49,213 [ERROR] ==============BLUE WARRIORS============: Error initializing RAG chain: BaseModel.__init__() takes 1 positional argument but 2 were given
2025-11-13 22:19:56,151 [INFO] sqlalchemy.engine.Engine: BEGIN (implicit)
2025-11-13 22:19:56,152 [INFO] sqlalchemy.engine.Engine: PRAGMA main.table_info("user")
2025-11-13 22:19:56,153 [INFO] sqlalchemy.engine.Engine: [raw sql] ()
2025-11-13 22:19:56,154 [INFO] sqlalchemy.engine.Engine: PRAGMA main.table_info("patient")
2025-11-13 22:19:56,155 [INFO] sqlalchemy.engine.Engine: [raw sql] ()
2025-11-13 22:19:56,156 [INFO] sqlalchemy.engine.Engine: COMMIT
2025-11-13 22:19:56,188 [INFO] ==============BLUE WARRIORS============: initilisation de rag
2025-11-13 22:19:56,190 [INFO] =========== PIPELINE RAG FINALE ===============: Configuration lue avec succès depuis config.ini.
2025-11-13 22:19:56,191 [INFO] =========== PIPELINE RAG FINALE ===============: Les environnements sont chargés avec succès
2025-11-13 22:19:56,192 [ERROR] ======RETRIEVER LOCAL BUILD===========: Erreur lors de la création du retriever local: BaseModel.__init__() takes 1 positional argument but 2 were given
2025-11-13 22:19:56,192 [ERROR] ==============BLUE WARRIORS============: Error initializing RAG chain: BaseModel.__init__() takes 1 positional argument but 2 were given
2025-11-13 22:19:59,380 [INFO] sqlalchemy.engine.Engine: BEGIN (implicit)
2025-11-13 22:19:59,380 [INFO] sqlalchemy.engine.Engine: PRAGMA main.table_info("user")
2025-11-13 22:19:59,381 [INFO] sqlalchemy.engine.Engine: [raw sql] ()
2025-11-13 22:19:59,382 [INFO] sqlalchemy.engine.Engine: PRAGMA main.table_info("patient")
2025-11-13 22:19:59,382 [INFO] sqlalchemy.engine.Engine: [raw sql] ()
2025-11-13 22:19:59,383 [INFO] sqlalchemy.engine.Engine: COMMIT
2025-11-13 22:19:59,395 [INFO] ==============BLUE WARRIORS============: initilisation de rag
2025-11-13 22:19:59,396 [INFO] =========== PIPELINE RAG FINALE ===============: Configuration lue avec succès depuis config.ini.
2025-11-13 22:19:59,397 [INFO] =========== PIPELINE RAG FINALE ===============: Les environnements sont chargés avec succès
2025-11-13 22:19:59,397 [ERROR] ======RETRIEVER LOCAL BUILD===========: Erreur lors de la création du retriever local: BaseModel.__init__() takes 1 positional argument but 2 were given
2025-11-13 22:19:59,397 [ERROR] ==============BLUE WARRIORS============: Error initializing RAG chain: BaseModel.__init__() takes 1 positional argument but 2 were given
2025-11-13 22:20:23,983 [INFO] sqlalchemy.engine.Engine: BEGIN (implicit)
2025-11-13 22:20:23,983 [INFO] sqlalchemy.engine.Engine: PRAGMA main.table_info("user")
2025-11-13 22:20:23,984 [INFO] sqlalchemy.engine.Engine: [raw sql] ()
2025-11-13 22:20:23,984 [INFO] sqlalchemy.engine.Engine: PRAGMA main.table_info("patient")
2025-11-13 22:20:23,984 [INFO] sqlalchemy.engine.Engine: [raw sql] ()
2025-11-13 22:20:23,985 [INFO] sqlalchemy.engine.Engine: COMMIT
2025-11-13 22:20:23,996 [INFO] ==============BLUE WARRIORS============: initilisation de rag
2025-11-13 22:20:23,996 [INFO] =========== PIPELINE RAG FINALE ===============: Configuration lue avec succès depuis config.ini.
2025-11-13 22:20:23,997 [INFO] =========== PIPELINE RAG FINALE ===============: Les environnements sont chargés avec succès
2025-11-13 22:20:23,997 [ERROR] |======RETRIEVER LOCAL BUILD===========: Erreur lors de la création du retriever local: BaseModel.__init__() takes 1 positional argument but 2 were given
2025-11-13 22:20:23,997 [ERROR] ==============BLUE WARRIORS============: Error initializing RAG chain: BaseModel.__init__() takes 1 positional argument but 2 were given
2025-11-13 22:20:30,481 [INFO] sqlalchemy.engine.Engine: BEGIN (implicit)
2025-11-13 22:20:30,482 [INFO] sqlalchemy.engine.Engine: PRAGMA main.table_info("user")
2025-11-13 22:20:30,482 [INFO] sqlalchemy.engine.Engine: [raw sql] ()
2025-11-13 22:20:30,483 [INFO] sqlalchemy.engine.Engine: PRAGMA main.table_info("patient")
2025-11-13 22:20:30,483 [INFO] sqlalchemy.engine.Engine: [raw sql] ()
2025-11-13 22:20:30,484 [INFO] sqlalchemy.engine.Engine: COMMIT
2025-11-13 22:20:30,495 [INFO] ==============BLUE WARRIORS============: initilisation de rag
2025-11-13 22:20:30,496 [INFO] =========== PIPELINE RAG FINALE ===============: Configuration lue avec succès depuis config.ini.
2025-11-13 22:20:30,496 [INFO] =========== PIPELINE RAG FINALE ===============: Les environnements sont chargés avec succès
2025-11-13 22:20:30,496 [ERROR] |======RETRIEVER LOCAL BUILD===========|: Erreur lors de la création du retriever local: BaseModel.__init__() takes 1 positional argument but 2 were given
2025-11-13 22:20:30,496 [ERROR] ==============BLUE WARRIORS============: Error initializing RAG chain: BaseModel.__init__() takes 1 positional argument but 2 were given
2025-11-13 22:20:44,201 [INFO] sqlalchemy.engine.Engine: BEGIN (implicit)
2025-11-13 22:20:44,201 [INFO] sqlalchemy.engine.Engine: PRAGMA main.table_info("user")
2025-11-13 22:20:44,201 [INFO] sqlalchemy.engine.Engine: [raw sql] ()
2025-11-13 22:20:44,202 [INFO] sqlalchemy.engine.Engine: PRAGMA main.table_info("patient")
2025-11-13 22:20:44,202 [INFO] sqlalchemy.engine.Engine: [raw sql] ()
2025-11-13 22:20:44,202 [INFO] sqlalchemy.engine.Engine: COMMIT
2025-11-13 22:20:44,216 [INFO] ==============BLUE WARRIORS============: initilisation de rag
2025-11-13 22:20:44,217 [INFO] =========== PIPELINE RAG FINALE ===============: Configuration lue avec succès depuis config.ini.
2025-11-13 22:20:44,217 [INFO] =========== PIPELINE RAG FINALE ===============: Les environnements sont chargés avec succès
2025-11-13 22:20:44,217 [ERROR] |=========RETRIEVER LOCAL BUILD===========|: Erreur lors de la création du retriever local: BaseModel.__init__() takes 1 positional argument but 2 were given
2025-11-13 22:20:44,217 [ERROR] ==============BLUE WARRIORS============: Error initializing RAG chain: BaseModel.__init__() takes 1 positional argument but 2 were given
2025-11-13 22:20:46,963 [INFO] sqlalchemy.engine.Engine: BEGIN (implicit)
2025-11-13 22:20:46,964 [INFO] sqlalchemy.engine.Engine: PRAGMA main.table_info("user")
2025-11-13 22:20:46,964 [INFO] sqlalchemy.engine.Engine: [raw sql] ()
2025-11-13 22:20:46,965 [INFO] sqlalchemy.engine.Engine: PRAGMA main.table_info("patient")
2025-11-13 22:20:46,965 [INFO] sqlalchemy.engine.Engine: [raw sql] ()
2025-11-13 22:20:46,965 [INFO] sqlalchemy.engine.Engine: COMMIT
2025-11-13 22:20:46,979 [INFO] ==============BLUE WARRIORS============: initilisation de rag
2025-11-13 22:20:46,979 [INFO] =========== PIPELINE RAG FINALE ===============: Configuration lue avec succès depuis config.ini.
2025-11-13 22:20:46,979 [INFO] =========== PIPELINE RAG FINALE ===============: Les environnements sont chargés avec succès
2025-11-13 22:20:46,980 [ERROR] |=========RETRIEVER LOCAL BUILD===========|: Erreur lors de la création du retriever local: BaseModel.__init__() takes 1 positional argument but 2 were given
2025-11-13 22:20:46,980 [ERROR] ==============BLUE WARRIORS============: Error initializing RAG chain: BaseModel.__init__() takes 1 positional argument but 2 were given
2025-11-13 22:24:39,654 [INFO] sqlalchemy.engine.Engine: BEGIN (implicit)
2025-11-13 22:24:39,654 [INFO] sqlalchemy.engine.Engine: PRAGMA main.table_info("user")
2025-11-13 22:24:39,654 [INFO] sqlalchemy.engine.Engine: [raw sql] ()
2025-11-13 22:24:39,655 [INFO] sqlalchemy.engine.Engine: PRAGMA main.table_info("patient")
2025-11-13 22:24:39,655 [INFO] sqlalchemy.engine.Engine: [raw sql] ()
2025-11-13 22:24:39,656 [INFO] sqlalchemy.engine.Engine: COMMIT
2025-11-13 22:24:39,667 [INFO] ==============BLUE WARRIORS============: initilisation de rag
2025-11-13 22:24:39,668 [INFO] =========== PIPELINE RAG FINALE ===============: Configuration lue avec succès depuis config.ini.
2025-11-13 22:24:39,668 [INFO] =========== PIPELINE RAG FINALE ===============: Les environnements sont chargés avec succès
2025-11-13 22:24:39,668 [ERROR] |=========RETRIEVER LOCAL BUILD===========|: Erreur lors de la création du retriever local: BaseModel.__init__() takes 1 positional argument but 2 were given
2025-11-13 22:24:39,668 [ERROR] ==============BLUE WARRIORS============: Error initializing RAG chain: BaseModel.__init__() takes 1 positional argument but 2 were given
2025-11-13 22:24:43,682 [INFO] sqlalchemy.engine.Engine: BEGIN (implicit)
2025-11-13 22:24:43,682 [INFO] sqlalchemy.engine.Engine: PRAGMA main.table_info("user")
2025-11-13 22:24:43,683 [INFO] sqlalchemy.engine.Engine: [raw sql] ()
2025-11-13 22:24:43,683 [INFO] sqlalchemy.engine.Engine: PRAGMA main.table_info("patient")
2025-11-13 22:24:43,683 [INFO] sqlalchemy.engine.Engine: [raw sql] ()
2025-11-13 22:24:43,684 [INFO] sqlalchemy.engine.Engine: COMMIT
2025-11-13 22:24:43,697 [INFO] ==============BLUE WARRIORS============: initilisation de rag
2025-11-13 22:24:43,698 [INFO] =========== PIPELINE RAG FINALE ===============: Configuration lue avec succès depuis config.ini.
2025-11-13 22:24:43,698 [INFO] =========== PIPELINE RAG FINALE ===============: Les environnements sont chargés avec succès
2025-11-13 22:24:43,698 [ERROR] |=========RETRIEVER LOCAL BUILD===========|: Erreur lors de la création du retriever local: BaseModel.__init__() takes 1 positional argument but 2 were given
2025-11-13 22:24:43,698 [ERROR] ==============BLUE WARRIORS============: Error initializing RAG chain: BaseModel.__init__() takes 1 positional argument but 2 were given
2025-11-13 22:24:47,788 [INFO] sqlalchemy.engine.Engine: BEGIN (implicit)
2025-11-13 22:24:47,790 [INFO] sqlalchemy.engine.Engine: PRAGMA main.table_info("user")
2025-11-13 22:24:47,791 [INFO] sqlalchemy.engine.Engine: [raw sql] ()
2025-11-13 22:24:47,793 [INFO] sqlalchemy.engine.Engine: PRAGMA main.table_info("patient")
2025-11-13 22:24:47,793 [INFO] sqlalchemy.engine.Engine: [raw sql] ()
2025-11-13 22:24:47,794 [INFO] sqlalchemy.engine.Engine: COMMIT
2025-11-13 22:24:47,815 [INFO] ==============BLUE WARRIORS============: initilisation de rag
2025-11-13 22:24:47,816 [INFO] =========== PIPELINE RAG FINALE ===============: Configuration lue avec succès depuis config.ini.
2025-11-13 22:24:47,816 [INFO] =========== PIPELINE RAG FINALE ===============: Les environnements sont chargés avec succès
2025-11-13 22:24:47,817 [ERROR] |=========RETRIEVER LOCAL BUILD===========|: Erreur lors de la création du retriever local: BaseModel.__init__() takes 1 positional argument but 2 were given
2025-11-13 22:24:47,817 [ERROR] ==============BLUE WARRIORS============: Error initializing RAG chain: BaseModel.__init__() takes 1 positional argument but 2 were given
2025-11-13 22:24:50,704 [INFO] sqlalchemy.engine.Engine: BEGIN (implicit)
2025-11-13 22:24:50,704 [INFO] sqlalchemy.engine.Engine: PRAGMA main.table_info("user")
2025-11-13 22:24:50,705 [INFO] sqlalchemy.engine.Engine: [raw sql] ()
2025-11-13 22:24:50,706 [INFO] sqlalchemy.engine.Engine: PRAGMA main.table_info("patient")
2025-11-13 22:24:50,706 [INFO] sqlalchemy.engine.Engine: [raw sql] ()
2025-11-13 22:24:50,706 [INFO] sqlalchemy.engine.Engine: COMMIT
2025-11-13 22:24:50,717 [INFO] ==============BLUE WARRIORS============: initilisation de rag
2025-11-13 22:24:50,718 [INFO] =========== PIPELINE RAG FINALE ===============: Configuration lue avec succès depuis config.ini.
2025-11-13 22:24:50,718 [INFO] =========== PIPELINE RAG FINALE ===============: Les environnements sont chargés avec succès
2025-11-13 22:24:50,718 [ERROR] |=========RETRIEVER LOCAL BUILD===========|: Erreur lors de la création du retriever local: BaseModel.__init__() takes 1 positional argument but 2 were given
2025-11-13 22:24:50,718 [ERROR] ==============BLUE WARRIORS============: Error initializing RAG chain: BaseModel.__init__() takes 1 positional argument but 2 were given
2025-11-13 22:25:03,972 [INFO] sqlalchemy.engine.Engine: BEGIN (implicit)
2025-11-13 22:25:03,972 [INFO] sqlalchemy.engine.Engine: PRAGMA main.table_info("user")
2025-11-13 22:25:03,972 [INFO] sqlalchemy.engine.Engine: [raw sql] ()
2025-11-13 22:25:03,973 [INFO] sqlalchemy.engine.Engine: PRAGMA main.table_info("patient")
2025-11-13 22:25:03,973 [INFO] sqlalchemy.engine.Engine: [raw sql] ()
2025-11-13 22:25:03,973 [INFO] sqlalchemy.engine.Engine: COMMIT
2025-11-13 22:25:03,988 [INFO] ==============BLUE WARRIORS============: initilisation de rag
2025-11-13 22:25:03,988 [INFO] =========== PIPELINE RAG FINALE ===============: Configuration lue avec succès depuis config.ini.
2025-11-13 22:25:03,988 [INFO] =========== PIPELINE RAG FINALE ===============: Les environnements sont chargés avec succès
2025-11-13 22:25:03,989 [ERROR] |=========RETRIEVER LOCAL BUILD===========|: Erreur lors de la création du retriever local: BaseModel.__init__() takes 1 positional argument but 2 were given
2025-11-13 22:25:03,989 [ERROR] ==============BLUE WARRIORS============: Error initializing RAG chain: BaseModel.__init__() takes 1 positional argument but 2 were given
2025-11-13 22:25:22,992 [ERROR] ==============BLUE WARRIORS============: RAG chain is not initialized.
2025-11-13 22:43:20,130 [INFO] sqlalchemy.engine.Engine: BEGIN (implicit)
2025-11-13 22:43:20,131 [INFO] sqlalchemy.engine.Engine: PRAGMA main.table_info("user")
2025-11-13 22:43:20,132 [INFO] sqlalchemy.engine.Engine: [raw sql] ()
2025-11-13 22:43:20,133 [INFO] sqlalchemy.engine.Engine: PRAGMA main.table_info("patient")
2025-11-13 22:43:20,134 [INFO] sqlalchemy.engine.Engine: [raw sql] ()
2025-11-13 22:43:20,135 [INFO] sqlalchemy.engine.Engine: COMMIT
2025-11-13 22:43:20,157 [INFO] ==============BLUE WARRIORS============: initilisation de rag
2025-11-13 22:43:20,160 [INFO] =========== PIPELINE RAG FINALE ===============: Configuration lue avec succès depuis config.ini.
2025-11-13 22:43:20,160 [INFO] =========== PIPELINE RAG FINALE ===============: Les environnements sont chargés avec succès
2025-11-13 22:43:20,161 [ERROR] |=========RETRIEVER LOCAL BUILD===========|: Erreur lors de la création du retriever local: BaseModel.__init__() takes 1 positional argument but 2 were given
2025-11-13 22:43:20,162 [ERROR] ==============BLUE WARRIORS============: Error initializing RAG chain: BaseModel.__init__() takes 1 positional argument but 2 were given
2025-11-13 22:43:24,530 [INFO] sqlalchemy.engine.Engine: BEGIN (implicit)
2025-11-13 22:43:24,531 [INFO] sqlalchemy.engine.Engine: PRAGMA main.table_info("user")
2025-11-13 22:43:24,531 [INFO] sqlalchemy.engine.Engine: [raw sql] ()
2025-11-13 22:43:24,532 [INFO] sqlalchemy.engine.Engine: PRAGMA main.table_info("patient")
2025-11-13 22:43:24,533 [INFO] sqlalchemy.engine.Engine: [raw sql] ()
2025-11-13 22:43:24,533 [INFO] sqlalchemy.engine.Engine: COMMIT
2025-11-13 22:43:24,559 [INFO] ==============BLUE WARRIORS============: initilisation de rag
2025-11-13 22:43:24,561 [INFO] =========== PIPELINE RAG FINALE ===============: Configuration lue avec succès depuis config.ini.
2025-11-13 22:43:24,561 [INFO] =========== PIPELINE RAG FINALE ===============: Les environnements sont chargés avec succès
2025-11-13 22:43:24,562 [ERROR] |=========RETRIEVER LOCAL BUILD===========|: Erreur lors de la création du retriever local: BaseModel.__init__() takes 1 positional argument but 2 were given
2025-11-13 22:43:24,562 [ERROR] ==============BLUE WARRIORS============: Error initializing RAG chain: BaseModel.__init__() takes 1 positional argument but 2 were given
2025-11-13 22:43:31,709 [INFO] sqlalchemy.engine.Engine: BEGIN (implicit)
2025-11-13 22:43:31,709 [INFO] sqlalchemy.engine.Engine: PRAGMA main.table_info("user")
2025-11-13 22:43:31,709 [INFO] sqlalchemy.engine.Engine: [raw sql] ()
2025-11-13 22:43:31,710 [INFO] sqlalchemy.engine.Engine: PRAGMA main.table_info("patient")
2025-11-13 22:43:31,711 [INFO] sqlalchemy.engine.Engine: [raw sql] ()
2025-11-13 22:43:31,712 [INFO] sqlalchemy.engine.Engine: COMMIT
2025-11-13 22:43:31,724 [INFO] ==============BLUE WARRIORS============: initilisation de rag
2025-11-13 22:43:31,725 [INFO] =========== PIPELINE RAG FINALE ===============: Configuration lue avec succès depuis config.ini.
2025-11-13 22:43:31,725 [INFO] =========== PIPELINE RAG FINALE ===============: Les environnements sont chargés avec succès
2025-11-13 22:43:31,725 [ERROR] |=========RETRIEVER LOCAL BUILD===========|: Erreur lors de la création du retriever local: BaseModel.__init__() takes 1 positional argument but 2 were given
2025-11-13 22:43:31,725 [ERROR] ==============BLUE WARRIORS============: Error initializing RAG chain: BaseModel.__init__() takes 1 positional argument but 2 were given
2025-11-13 22:47:19,650 [INFO] sqlalchemy.engine.Engine: BEGIN (implicit)
2025-11-13 22:47:19,651 [INFO] sqlalchemy.engine.Engine: PRAGMA main.table_info("user")
2025-11-13 22:47:19,651 [INFO] sqlalchemy.engine.Engine: [raw sql] ()
2025-11-13 22:47:19,652 [INFO] sqlalchemy.engine.Engine: PRAGMA main.table_info("patient")
2025-11-13 22:47:19,653 [INFO] sqlalchemy.engine.Engine: [raw sql] ()
2025-11-13 22:47:19,654 [INFO] sqlalchemy.engine.Engine: COMMIT
2025-11-13 22:47:19,693 [INFO] ==============BLUE WARRIORS============: initilisation de rag
2025-11-13 22:47:19,696 [INFO] =========== PIPELINE RAG FINALE ===============: Configuration lue avec succès depuis config.ini.
2025-11-13 22:47:19,696 [INFO] =========== PIPELINE RAG FINALE ===============: Les environnements sont chargés avec succès
2025-11-13 22:47:19,700 [ERROR] |=========RETRIEVER LOCAL BUILD===========|: Erreur lors de la création du retriever local: BaseModel.__init__() takes 1 positional argument but 2 were given
2025-11-13 22:47:19,700 [ERROR] ==============BLUE WARRIORS============: Error initializing RAG chain: BaseModel.__init__() takes 1 positional argument but 2 were given
2025-11-13 22:47:22,980 [INFO] sqlalchemy.engine.Engine: BEGIN (implicit)
2025-11-13 22:47:22,981 [INFO] sqlalchemy.engine.Engine: PRAGMA main.table_info("user")
2025-11-13 22:47:22,981 [INFO] sqlalchemy.engine.Engine: [raw sql] ()
2025-11-13 22:47:22,982 [INFO] sqlalchemy.engine.Engine: PRAGMA main.table_info("patient")
2025-11-13 22:47:22,982 [INFO] sqlalchemy.engine.Engine: [raw sql] ()
2025-11-13 22:47:22,982 [INFO] sqlalchemy.engine.Engine: COMMIT
2025-11-13 22:47:22,994 [INFO] ==============BLUE WARRIORS============: initilisation de rag
2025-11-13 22:47:22,995 [INFO] =========== PIPELINE RAG FINALE ===============: Configuration lue avec succès depuis config.ini.
2025-11-13 22:47:22,995 [INFO] =========== PIPELINE RAG FINALE ===============: Les environnements sont chargés avec succès
2025-11-13 22:47:22,995 [ERROR] |=========RETRIEVER LOCAL BUILD===========|: Erreur lors de la création du retriever local: BaseModel.__init__() takes 1 positional argument but 2 were given
2025-11-13 22:47:22,995 [ERROR] ==============BLUE WARRIORS============: Error initializing RAG chain: BaseModel.__init__() takes 1 positional argument but 2 were given
2025-11-13 22:49:32,900 [INFO] sqlalchemy.engine.Engine: BEGIN (implicit)
2025-11-13 22:49:32,901 [INFO] sqlalchemy.engine.Engine: PRAGMA main.table_info("user")
2025-11-13 22:49:32,902 [INFO] sqlalchemy.engine.Engine: [raw sql] ()
2025-11-13 22:49:32,903 [INFO] sqlalchemy.engine.Engine: PRAGMA main.table_info("patient")
2025-11-13 22:49:32,904 [INFO] sqlalchemy.engine.Engine: [raw sql] ()
2025-11-13 22:49:32,905 [INFO] sqlalchemy.engine.Engine: COMMIT
2025-11-13 22:49:32,924 [INFO] ==============BLUE WARRIORS============: initilisation de rag
2025-11-13 22:49:32,925 [INFO] =========== PIPELINE RAG FINALE ===============: Configuration lue avec succès depuis config.ini.
2025-11-13 22:49:32,926 [INFO] =========== PIPELINE RAG FINALE ===============: Les environnements sont chargés avec succès
2025-11-13 22:49:32,926 [ERROR] |=========RETRIEVER LOCAL BUILD===========|: Erreur lors de la création du retriever local: BaseModel.__init__() takes 1 positional argument but 2 were given
2025-11-13 22:49:32,926 [ERROR] ==============BLUE WARRIORS============: Error initializing RAG chain: BaseModel.__init__() takes 1 positional argument but 2 were given
2025-11-13 22:49:42,901 [INFO] sqlalchemy.engine.Engine: BEGIN (implicit)
2025-11-13 22:49:42,902 [INFO] sqlalchemy.engine.Engine: PRAGMA main.table_info("user")
2025-11-13 22:49:42,903 [INFO] sqlalchemy.engine.Engine: [raw sql] ()
2025-11-13 22:49:42,904 [INFO] sqlalchemy.engine.Engine: PRAGMA main.table_info("patient")
2025-11-13 22:49:42,904 [INFO] sqlalchemy.engine.Engine: [raw sql] ()
2025-11-13 22:49:42,905 [INFO] sqlalchemy.engine.Engine: COMMIT
2025-11-13 22:49:42,928 [INFO] ==============BLUE WARRIORS============: initilisation de rag
2025-11-13 22:49:42,929 [INFO] =========== PIPELINE RAG FINALE ===============: Configuration lue avec succès depuis config.ini.
2025-11-13 22:49:42,930 [INFO] =========== PIPELINE RAG FINALE ===============: Les environnements sont chargés avec succès
2025-11-13 22:49:42,931 [ERROR] |=========RETRIEVER LOCAL BUILD===========|: Erreur lors de la création du retriever local: BaseModel.__init__() takes 1 positional argument but 2 were given
2025-11-13 22:49:42,931 [ERROR] ==============BLUE WARRIORS============: Error initializing RAG chain: BaseModel.__init__() takes 1 positional argument but 2 were given
2025-11-13 22:49:46,350 [INFO] sqlalchemy.engine.Engine: BEGIN (implicit)
2025-11-13 22:49:46,351 [INFO] sqlalchemy.engine.Engine: PRAGMA main.table_info("user")
2025-11-13 22:49:46,351 [INFO] sqlalchemy.engine.Engine: [raw sql] ()
2025-11-13 22:49:46,352 [INFO] sqlalchemy.engine.Engine: PRAGMA main.table_info("patient")
2025-11-13 22:49:46,352 [INFO] sqlalchemy.engine.Engine: [raw sql] ()
2025-11-13 22:49:46,353 [INFO] sqlalchemy.engine.Engine: COMMIT
2025-11-13 22:49:46,367 [INFO] ==============BLUE WARRIORS============: initilisation de rag
2025-11-13 22:49:46,367 [INFO] =========== PIPELINE RAG FINALE ===============: Configuration lue avec succès depuis config.ini.
2025-11-13 22:49:46,367 [INFO] =========== PIPELINE RAG FINALE ===============: Les environnements sont chargés avec succès
2025-11-13 22:49:46,368 [ERROR] |=========RETRIEVER LOCAL BUILD===========|: Erreur lors de la création du retriever local: BaseModel.__init__() takes 1 positional argument but 2 were given
2025-11-13 22:49:46,368 [ERROR] ==============BLUE WARRIORS============: Error initializing RAG chain: BaseModel.__init__() takes 1 positional argument but 2 were given
2025-11-13 22:49:51,372 [INFO] sqlalchemy.engine.Engine: BEGIN (implicit)
2025-11-13 22:49:51,372 [INFO] sqlalchemy.engine.Engine: PRAGMA main.table_info("user")
2025-11-13 22:49:51,372 [INFO] sqlalchemy.engine.Engine: [raw sql] ()
2025-11-13 22:49:51,373 [INFO] sqlalchemy.engine.Engine: PRAGMA main.table_info("patient")
2025-11-13 22:49:51,373 [INFO] sqlalchemy.engine.Engine: [raw sql] ()
2025-11-13 22:49:51,374 [INFO] sqlalchemy.engine.Engine: COMMIT
2025-11-13 22:49:51,401 [INFO] ==============BLUE WARRIORS============: initilisation de rag
2025-11-13 22:49:51,402 [INFO] =========== PIPELINE RAG FINALE ===============: Configuration lue avec succès depuis config.ini.
2025-11-13 22:49:51,402 [INFO] =========== PIPELINE RAG FINALE ===============: Les environnements sont chargés avec succès
2025-11-13 22:49:51,402 [ERROR] |=========RETRIEVER LOCAL BUILD===========|: Erreur lors de la création du retriever local: BaseModel.__init__() takes 1 positional argument but 2 were given
2025-11-13 22:49:51,402 [ERROR] ==============BLUE WARRIORS============: Error initializing RAG chain: BaseModel.__init__() takes 1 positional argument but 2 were given
2025-11-13 22:51:21,065 [INFO] sqlalchemy.engine.Engine: BEGIN (implicit)
2025-11-13 22:51:21,065 [INFO] sqlalchemy.engine.Engine: PRAGMA main.table_info("user")
2025-11-13 22:51:21,065 [INFO] sqlalchemy.engine.Engine: [raw sql] ()
2025-11-13 22:51:21,066 [INFO] sqlalchemy.engine.Engine: PRAGMA main.table_info("patient")
2025-11-13 22:51:21,067 [INFO] sqlalchemy.engine.Engine: [raw sql] ()
2025-11-13 22:51:21,067 [INFO] sqlalchemy.engine.Engine: COMMIT
2025-11-13 22:51:21,083 [INFO] ==============BLUE WARRIORS============: initilisation de rag
2025-11-13 22:51:21,084 [INFO] =========== PIPELINE RAG FINALE ===============: Configuration lue avec succès depuis config.ini.
2025-11-13 22:51:21,084 [INFO] =========== PIPELINE RAG FINALE ===============: Les environnements sont chargés avec succès
2025-11-13 22:51:21,084 [ERROR] |=========RETRIEVER LOCAL BUILD===========|: Erreur lors de la création du retriever local: BaseModel.__init__() takes 1 positional argument but 2 were given
2025-11-13 22:51:21,084 [ERROR] ==============BLUE WARRIORS============: Error initializing RAG chain: BaseModel.__init__() takes 1 positional argument but 2 were given
2025-11-13 22:51:26,448 [INFO] sqlalchemy.engine.Engine: BEGIN (implicit)
2025-11-13 22:51:26,449 [INFO] sqlalchemy.engine.Engine: PRAGMA main.table_info("user")
2025-11-13 22:51:26,449 [INFO] sqlalchemy.engine.Engine: [raw sql] ()
2025-11-13 22:51:26,451 [INFO] sqlalchemy.engine.Engine: PRAGMA main.table_info("patient")
2025-11-13 22:51:26,451 [INFO] sqlalchemy.engine.Engine: [raw sql] ()
2025-11-13 22:51:26,453 [INFO] sqlalchemy.engine.Engine: COMMIT
2025-11-13 22:51:26,465 [INFO] ==============BLUE WARRIORS============: initilisation de rag
2025-11-13 22:51:26,466 [INFO] =========== PIPELINE RAG FINALE ===============: Configuration lue avec succès depuis config.ini.
2025-11-13 22:51:26,467 [INFO] =========== PIPELINE RAG FINALE ===============: Les environnements sont chargés avec succès
2025-11-13 22:51:26,467 [ERROR] |=========RETRIEVER LOCAL BUILD===========|: Erreur lors de la création du retriever local: BaseModel.__init__() takes 1 positional argument but 2 were given
2025-11-13 22:51:26,467 [ERROR] ==============BLUE WARRIORS============: Error initializing RAG chain: BaseModel.__init__() takes 1 positional argument but 2 were given
2025-11-13 22:51:33,923 [INFO] sqlalchemy.engine.Engine: BEGIN (implicit)
2025-11-13 22:51:33,924 [INFO] sqlalchemy.engine.Engine: PRAGMA main.table_info("user")
2025-11-13 22:51:33,924 [INFO] sqlalchemy.engine.Engine: [raw sql] ()
2025-11-13 22:51:33,925 [INFO] sqlalchemy.engine.Engine: PRAGMA main.table_info("patient")
2025-11-13 22:51:33,925 [INFO] sqlalchemy.engine.Engine: [raw sql] ()
2025-11-13 22:51:33,926 [INFO] sqlalchemy.engine.Engine: COMMIT
2025-11-13 22:51:33,937 [INFO] ==============BLUE WARRIORS============: initilisation de rag
2025-11-13 22:51:33,937 [INFO] =========== PIPELINE RAG FINALE ===============: Configuration lue avec succès depuis config.ini.
2025-11-13 22:51:33,938 [INFO] =========== PIPELINE RAG FINALE ===============: Les environnements sont chargés avec succès
2025-11-13 22:51:33,938 [ERROR] |=========RETRIEVER LOCAL BUILD===========|: Erreur lors de la création du retriever local: BaseModel.__init__() takes 1 positional argument but 2 were given
2025-11-13 22:51:33,938 [ERROR] ==============BLUE WARRIORS============: Error initializing RAG chain: BaseModel.__init__() takes 1 positional argument but 2 were given
2025-11-13 22:51:37,316 [INFO] sqlalchemy.engine.Engine: BEGIN (implicit)
2025-11-13 22:51:37,316 [INFO] sqlalchemy.engine.Engine: PRAGMA main.table_info("user")
2025-11-13 22:51:37,316 [INFO] sqlalchemy.engine.Engine: [raw sql] ()
2025-11-13 22:51:37,317 [INFO] sqlalchemy.engine.Engine: PRAGMA main.table_info("patient")
2025-11-13 22:51:37,317 [INFO] sqlalchemy.engine.Engine: [raw sql] ()
2025-11-13 22:51:37,318 [INFO] sqlalchemy.engine.Engine: COMMIT
2025-11-13 22:51:37,333 [INFO] ==============BLUE WARRIORS============: initilisation de rag
2025-11-13 22:51:37,334 [INFO] =========== PIPELINE RAG FINALE ===============: Configuration lue avec succès depuis config.ini.
2025-11-13 22:51:37,334 [INFO] =========== PIPELINE RAG FINALE ===============: Les environnements sont chargés avec succès
2025-11-13 22:51:37,334 [ERROR] |=========RETRIEVER LOCAL BUILD===========|: Erreur lors de la création du retriever local: BaseModel.__init__() takes 1 positional argument but 2 were given
2025-11-13 22:51:37,335 [ERROR] ==============BLUE WARRIORS============: Error initializing RAG chain: BaseModel.__init__() takes 1 positional argument but 2 were given
2025-11-13 22:51:41,136 [INFO] sqlalchemy.engine.Engine: BEGIN (implicit)
2025-11-13 22:51:41,137 [INFO] sqlalchemy.engine.Engine: PRAGMA main.table_info("user")
2025-11-13 22:51:41,137 [INFO] sqlalchemy.engine.Engine: [raw sql] ()
2025-11-13 22:51:41,138 [INFO] sqlalchemy.engine.Engine: PRAGMA main.table_info("patient")
2025-11-13 22:51:41,138 [INFO] sqlalchemy.engine.Engine: [raw sql] ()
2025-11-13 22:51:41,139 [INFO] sqlalchemy.engine.Engine: COMMIT
2025-11-13 22:51:41,159 [INFO] ==============BLUE WARRIORS============: initilisation de rag
2025-11-13 22:51:41,160 [INFO] =========== PIPELINE RAG FINALE ===============: Configuration lue avec succès depuis config.ini.
2025-11-13 22:51:41,160 [INFO] =========== PIPELINE RAG FINALE ===============: Les environnements sont chargés avec succès
2025-11-13 22:51:41,161 [ERROR] |=========RETRIEVER LOCAL BUILD===========|: Erreur lors de la création du retriever local: BaseModel.__init__() takes 1 positional argument but 2 were given
2025-11-13 22:51:41,161 [ERROR] ==============BLUE WARRIORS============: Error initializing RAG chain: BaseModel.__init__() takes 1 positional argument but 2 were given
2025-11-13 22:51:44,524 [INFO] sqlalchemy.engine.Engine: BEGIN (implicit)
2025-11-13 22:51:44,525 [INFO] sqlalchemy.engine.Engine: PRAGMA main.table_info("user")
2025-11-13 22:51:44,525 [INFO] sqlalchemy.engine.Engine: [raw sql] ()
2025-11-13 22:51:44,526 [INFO] sqlalchemy.engine.Engine: PRAGMA main.table_info("patient")
2025-11-13 22:51:44,526 [INFO] sqlalchemy.engine.Engine: [raw sql] ()
2025-11-13 22:51:44,527 [INFO] sqlalchemy.engine.Engine: COMMIT
2025-11-13 22:51:44,550 [INFO] ==============BLUE WARRIORS============: initilisation de rag
2025-11-13 22:51:44,551 [INFO] =========== PIPELINE RAG FINALE ===============: Configuration lue avec succès depuis config.ini.
2025-11-13 22:51:44,552 [INFO] =========== PIPELINE RAG FINALE ===============: Les environnements sont chargés avec succès
2025-11-13 22:51:44,552 [ERROR] |=========RETRIEVER LOCAL BUILD===========|: Erreur lors de la création du retriever local: BaseModel.__init__() takes 1 positional argument but 2 were given
2025-11-13 22:51:44,552 [ERROR] ==============BLUE WARRIORS============: Error initializing RAG chain: BaseModel.__init__() takes 1 positional argument but 2 were given
2025-11-13 22:51:49,939 [INFO] sqlalchemy.engine.Engine: BEGIN (implicit)
2025-11-13 22:51:49,940 [INFO] sqlalchemy.engine.Engine: PRAGMA main.table_info("user")
2025-11-13 22:51:49,941 [INFO] sqlalchemy.engine.Engine: [raw sql] ()
2025-11-13 22:51:49,943 [INFO] sqlalchemy.engine.Engine: PRAGMA main.table_info("patient")
2025-11-13 22:51:49,944 [INFO] sqlalchemy.engine.Engine: [raw sql] ()
2025-11-13 22:51:49,945 [INFO] sqlalchemy.engine.Engine: COMMIT
2025-11-13 22:51:49,971 [INFO] ==============BLUE WARRIORS============: initilisation de rag
2025-11-13 22:51:49,973 [INFO] =========== PIPELINE RAG FINALE ===============: Configuration lue avec succès depuis config.ini.
2025-11-13 22:51:49,974 [INFO] =========== PIPELINE RAG FINALE ===============: Les environnements sont chargés avec succès
2025-11-13 22:51:49,976 [ERROR] |=========RETRIEVER LOCAL BUILD===========|: Erreur lors de la création du retriever local: BaseModel.__init__() takes 1 positional argument but 2 were given
2025-11-13 22:51:49,976 [ERROR] ==============BLUE WARRIORS============: Error initializing RAG chain: BaseModel.__init__() takes 1 positional argument but 2 were given
2025-11-13 22:51:56,777 [INFO] sqlalchemy.engine.Engine: BEGIN (implicit)
2025-11-13 22:51:56,780 [INFO] sqlalchemy.engine.Engine: PRAGMA main.table_info("user")
2025-11-13 22:51:56,781 [INFO] sqlalchemy.engine.Engine: [raw sql] ()
2025-11-13 22:51:56,783 [INFO] sqlalchemy.engine.Engine: PRAGMA main.table_info("patient")
2025-11-13 22:51:56,787 [INFO] sqlalchemy.engine.Engine: [raw sql] ()
2025-11-13 22:51:56,788 [INFO] sqlalchemy.engine.Engine: COMMIT
2025-11-13 22:51:56,844 [INFO] ==============BLUE WARRIORS============: initilisation de rag
2025-11-13 22:51:56,845 [INFO] =========== PIPELINE RAG FINALE ===============: Configuration lue avec succès depuis config.ini.
2025-11-13 22:51:56,846 [INFO] =========== PIPELINE RAG FINALE ===============: Les environnements sont chargés avec succès
2025-11-13 22:51:56,847 [ERROR] |=========RETRIEVER LOCAL BUILD===========|: Erreur lors de la création du retriever local: BaseModel.__init__() takes 1 positional argument but 2 were given
2025-11-13 22:51:56,847 [ERROR] ==============BLUE WARRIORS============: Error initializing RAG chain: BaseModel.__init__() takes 1 positional argument but 2 were given
2025-11-13 22:52:00,285 [INFO] sqlalchemy.engine.Engine: BEGIN (implicit)
2025-11-13 22:52:00,286 [INFO] sqlalchemy.engine.Engine: PRAGMA main.table_info("user")
2025-11-13 22:52:00,287 [INFO] sqlalchemy.engine.Engine: [raw sql] ()
2025-11-13 22:52:00,288 [INFO] sqlalchemy.engine.Engine: PRAGMA main.table_info("patient")
2025-11-13 22:52:00,288 [INFO] sqlalchemy.engine.Engine: [raw sql] ()
2025-11-13 22:52:00,288 [INFO] sqlalchemy.engine.Engine: COMMIT
2025-11-13 22:52:00,307 [INFO] ==============BLUE WARRIORS============: initilisation de rag
2025-11-13 22:52:00,308 [INFO] =========== PIPELINE RAG FINALE ===============: Configuration lue avec succès depuis config.ini.
2025-11-13 22:52:00,309 [INFO] =========== PIPELINE RAG FINALE ===============: Les environnements sont chargés avec succès
2025-11-13 22:52:00,309 [ERROR] |=========RETRIEVER LOCAL BUILD===========|: Erreur lors de la création du retriever local: BaseModel.__init__() takes 1 positional argument but 2 were given
2025-11-13 22:52:00,310 [ERROR] ==============BLUE WARRIORS============: Error initializing RAG chain: BaseModel.__init__() takes 1 positional argument but 2 were given
2025-11-13 22:52:03,500 [INFO] sqlalchemy.engine.Engine: BEGIN (implicit)
2025-11-13 22:52:03,500 [INFO] sqlalchemy.engine.Engine: PRAGMA main.table_info("user")
2025-11-13 22:52:03,500 [INFO] sqlalchemy.engine.Engine: [raw sql] ()
2025-11-13 22:52:03,501 [INFO] sqlalchemy.engine.Engine: PRAGMA main.table_info("patient")
2025-11-13 22:52:03,501 [INFO] sqlalchemy.engine.Engine: [raw sql] ()
2025-11-13 22:52:03,502 [INFO] sqlalchemy.engine.Engine: COMMIT
2025-11-13 22:52:03,514 [INFO] ==============BLUE WARRIORS============: initilisation de rag
2025-11-13 22:52:03,515 [INFO] =========== PIPELINE RAG FINALE ===============: Configuration lue avec succès depuis config.ini.
2025-11-13 22:52:03,515 [INFO] =========== PIPELINE RAG FINALE ===============: Les environnements sont chargés avec succès
2025-11-13 22:52:03,515 [ERROR] |=========RETRIEVER LOCAL BUILD===========|: Erreur lors de la création du retriever local: BaseModel.__init__() takes 1 positional argument but 2 were given
2025-11-13 22:52:03,516 [ERROR] ==============BLUE WARRIORS============: Error initializing RAG chain: BaseModel.__init__() takes 1 positional argument but 2 were given
2025-11-13 22:52:15,835 [INFO] sqlalchemy.engine.Engine: BEGIN (implicit)
2025-11-13 22:52:15,836 [INFO] sqlalchemy.engine.Engine: PRAGMA main.table_info("user")
2025-11-13 22:52:15,836 [INFO] sqlalchemy.engine.Engine: [raw sql] ()
2025-11-13 22:52:15,837 [INFO] sqlalchemy.engine.Engine: PRAGMA main.table_info("patient")
2025-11-13 22:52:15,837 [INFO] sqlalchemy.engine.Engine: [raw sql] ()
2025-11-13 22:52:15,837 [INFO] sqlalchemy.engine.Engine: COMMIT
2025-11-13 22:52:15,850 [INFO] ==============BLUE WARRIORS============: initilisation de rag
2025-11-13 22:52:15,850 [INFO] =========== PIPELINE RAG FINALE ===============: Configuration lue avec succès depuis config.ini.
2025-11-13 22:52:15,850 [INFO] =========== PIPELINE RAG FINALE ===============: Les environnements sont chargés avec succès
2025-11-13 22:52:15,851 [ERROR] |=========RETRIEVER LOCAL BUILD===========|: Erreur lors de la création du retriever local: BaseModel.__init__() takes 1 positional argument but 2 were given
2025-11-13 22:52:15,851 [ERROR] ==============BLUE WARRIORS============: Error initializing RAG chain: BaseModel.__init__() takes 1 positional argument but 2 were given
2025-11-13 22:55:15,278 [INFO] sqlalchemy.engine.Engine: BEGIN (implicit)
2025-11-13 22:55:15,281 [INFO] sqlalchemy.engine.Engine: PRAGMA main.table_info("user")
2025-11-13 22:55:15,282 [INFO] sqlalchemy.engine.Engine: [raw sql] ()
2025-11-13 22:55:15,284 [INFO] sqlalchemy.engine.Engine: PRAGMA main.table_info("patient")
2025-11-13 22:55:15,286 [INFO] sqlalchemy.engine.Engine: [raw sql] ()
2025-11-13 22:55:15,287 [INFO] sqlalchemy.engine.Engine: COMMIT
2025-11-13 22:55:19,890 [INFO] sqlalchemy.engine.Engine: BEGIN (implicit)
2025-11-13 22:55:19,891 [INFO] sqlalchemy.engine.Engine: PRAGMA main.table_info("user")
2025-11-13 22:55:19,891 [INFO] sqlalchemy.engine.Engine: [raw sql] ()
2025-11-13 22:55:19,892 [INFO] sqlalchemy.engine.Engine: PRAGMA main.table_info("patient")
2025-11-13 22:55:19,893 [INFO] sqlalchemy.engine.Engine: [raw sql] ()
2025-11-13 22:55:19,894 [INFO] sqlalchemy.engine.Engine: COMMIT
2025-11-13 22:55:23,965 [INFO] sqlalchemy.engine.Engine: BEGIN (implicit)
2025-11-13 22:55:23,969 [INFO] sqlalchemy.engine.Engine: PRAGMA main.table_info("user")
2025-11-13 22:55:23,969 [INFO] sqlalchemy.engine.Engine: [raw sql] ()
2025-11-13 22:55:23,970 [INFO] sqlalchemy.engine.Engine: PRAGMA main.table_info("patient")
2025-11-13 22:55:23,971 [INFO] sqlalchemy.engine.Engine: [raw sql] ()
2025-11-13 22:55:23,972 [INFO] sqlalchemy.engine.Engine: COMMIT
2025-11-13 22:55:28,406 [INFO] sqlalchemy.engine.Engine: BEGIN (implicit)
2025-11-13 22:55:28,406 [INFO] sqlalchemy.engine.Engine: PRAGMA main.table_info("user")
2025-11-13 22:55:28,407 [INFO] sqlalchemy.engine.Engine: [raw sql] ()
2025-11-13 22:55:28,408 [INFO] sqlalchemy.engine.Engine: PRAGMA main.table_info("patient")
2025-11-13 22:55:28,409 [INFO] sqlalchemy.engine.Engine: [raw sql] ()
2025-11-13 22:55:28,410 [INFO] sqlalchemy.engine.Engine: COMMIT
2025-11-13 22:55:32,703 [INFO] sqlalchemy.engine.Engine: BEGIN (implicit)
2025-11-13 22:55:32,704 [INFO] sqlalchemy.engine.Engine: PRAGMA main.table_info("user")
2025-11-13 22:55:32,704 [INFO] sqlalchemy.engine.Engine: [raw sql] ()
2025-11-13 22:55:32,705 [INFO] sqlalchemy.engine.Engine: PRAGMA main.table_info("patient")
2025-11-13 22:55:32,705 [INFO] sqlalchemy.engine.Engine: [raw sql] ()
2025-11-13 22:55:32,705 [INFO] sqlalchemy.engine.Engine: COMMIT
2025-11-13 22:55:36,622 [INFO] sqlalchemy.engine.Engine: BEGIN (implicit)
2025-11-13 22:55:36,622 [INFO] sqlalchemy.engine.Engine: PRAGMA main.table_info("user")
2025-11-13 22:55:36,623 [INFO] sqlalchemy.engine.Engine: [raw sql] ()
2025-11-13 22:55:36,623 [INFO] sqlalchemy.engine.Engine: PRAGMA main.table_info("patient")
2025-11-13 22:55:36,623 [INFO] sqlalchemy.engine.Engine: [raw sql] ()
2025-11-13 22:55:36,624 [INFO] sqlalchemy.engine.Engine: COMMIT
2025-11-13 22:55:40,041 [INFO] sqlalchemy.engine.Engine: BEGIN (implicit)
2025-11-13 22:55:40,041 [INFO] sqlalchemy.engine.Engine: PRAGMA main.table_info("user")
2025-11-13 22:55:40,042 [INFO] sqlalchemy.engine.Engine: [raw sql] ()
2025-11-13 22:55:40,044 [INFO] sqlalchemy.engine.Engine: PRAGMA main.table_info("patient")
2025-11-13 22:55:40,044 [INFO] sqlalchemy.engine.Engine: [raw sql] ()
2025-11-13 22:55:40,045 [INFO] sqlalchemy.engine.Engine: COMMIT
2025-11-13 22:55:46,774 [INFO] sqlalchemy.engine.Engine: BEGIN (implicit)
2025-11-13 22:55:46,776 [INFO] sqlalchemy.engine.Engine: PRAGMA main.table_info("user")
2025-11-13 22:55:46,777 [INFO] sqlalchemy.engine.Engine: [raw sql] ()
2025-11-13 22:55:46,779 [INFO] sqlalchemy.engine.Engine: PRAGMA main.table_info("patient")
2025-11-13 22:55:46,780 [INFO] sqlalchemy.engine.Engine: [raw sql] ()
2025-11-13 22:55:46,783 [INFO] sqlalchemy.engine.Engine: COMMIT
2025-11-13 22:55:51,030 [INFO] sqlalchemy.engine.Engine: BEGIN (implicit)
2025-11-13 22:55:51,031 [INFO] sqlalchemy.engine.Engine: PRAGMA main.table_info("user")
2025-11-13 22:55:51,032 [INFO] sqlalchemy.engine.Engine: [raw sql] ()
2025-11-13 22:55:51,034 [INFO] sqlalchemy.engine.Engine: PRAGMA main.table_info("patient")
2025-11-13 22:55:51,035 [INFO] sqlalchemy.engine.Engine: [raw sql] ()
2025-11-13 22:55:51,036 [INFO] sqlalchemy.engine.Engine: COMMIT
2025-11-13 22:55:54,220 [INFO] sqlalchemy.engine.Engine: BEGIN (implicit)
2025-11-13 22:55:54,221 [INFO] sqlalchemy.engine.Engine: PRAGMA main.table_info("user")
2025-11-13 22:55:54,221 [INFO] sqlalchemy.engine.Engine: [raw sql] ()
2025-11-13 22:55:54,222 [INFO] sqlalchemy.engine.Engine: PRAGMA main.table_info("patient")
2025-11-13 22:55:54,223 [INFO] sqlalchemy.engine.Engine: [raw sql] ()
2025-11-13 22:55:54,224 [INFO] sqlalchemy.engine.Engine: COMMIT
2025-11-13 22:56:56,444 [INFO] sqlalchemy.engine.Engine: BEGIN (implicit)
2025-11-13 22:56:56,444 [INFO] sqlalchemy.engine.Engine: PRAGMA main.table_info("user")
2025-11-13 22:56:56,445 [INFO] sqlalchemy.engine.Engine: [raw sql] ()
2025-11-13 22:56:56,446 [INFO] sqlalchemy.engine.Engine: PRAGMA main.table_info("patient")
2025-11-13 22:56:56,446 [INFO] sqlalchemy.engine.Engine: [raw sql] ()
2025-11-13 22:56:56,447 [INFO] sqlalchemy.engine.Engine: COMMIT
2025-11-13 22:57:46,698 [INFO] sqlalchemy.engine.Engine: BEGIN (implicit)
2025-11-13 22:57:46,699 [INFO] sqlalchemy.engine.Engine: PRAGMA main.table_info("user")
2025-11-13 22:57:46,702 [INFO] sqlalchemy.engine.Engine: [raw sql] ()
2025-11-13 22:57:46,703 [INFO] sqlalchemy.engine.Engine: PRAGMA main.table_info("patient")
2025-11-13 22:57:46,707 [INFO] sqlalchemy.engine.Engine: [raw sql] ()
2025-11-13 22:57:46,708 [INFO] sqlalchemy.engine.Engine: COMMIT
2025-11-13 22:57:49,987 [INFO] sqlalchemy.engine.Engine: BEGIN (implicit)
2025-11-13 22:57:49,988 [INFO] sqlalchemy.engine.Engine: PRAGMA main.table_info("user")
2025-11-13 22:57:49,988 [INFO] sqlalchemy.engine.Engine: [raw sql] ()
2025-11-13 22:57:49,989 [INFO] sqlalchemy.engine.Engine: PRAGMA main.table_info("patient")
2025-11-13 22:57:49,989 [INFO] sqlalchemy.engine.Engine: [raw sql] ()
2025-11-13 22:57:49,989 [INFO] sqlalchemy.engine.Engine: COMMIT
2025-11-13 22:58:26,689 [INFO] sqlalchemy.engine.Engine: BEGIN (implicit)
2025-11-13 22:58:26,690 [INFO] sqlalchemy.engine.Engine: PRAGMA main.table_info("user")
2025-11-13 22:58:26,690 [INFO] sqlalchemy.engine.Engine: [raw sql] ()
2025-11-13 22:58:26,691 [INFO] sqlalchemy.engine.Engine: PRAGMA main.table_info("patient")
2025-11-13 22:58:26,691 [INFO] sqlalchemy.engine.Engine: [raw sql] ()
2025-11-13 22:58:26,692 [INFO] sqlalchemy.engine.Engine: COMMIT
2025-11-13 22:58:32,526 [INFO] sqlalchemy.engine.Engine: BEGIN (implicit)
2025-11-13 22:58:32,527 [INFO] sqlalchemy.engine.Engine: PRAGMA main.table_info("user")
2025-11-13 22:58:32,527 [INFO] sqlalchemy.engine.Engine: [raw sql] ()
2025-11-13 22:58:32,528 [INFO] sqlalchemy.engine.Engine: PRAGMA main.table_info("patient")
2025-11-13 22:58:32,528 [INFO] sqlalchemy.engine.Engine: [raw sql] ()
2025-11-13 22:58:32,529 [INFO] sqlalchemy.engine.Engine: COMMIT
2025-11-13 22:58:37,085 [INFO] sqlalchemy.engine.Engine: BEGIN (implicit)
2025-11-13 22:58:37,086 [INFO] sqlalchemy.engine.Engine: PRAGMA main.table_info("user")
2025-11-13 22:58:37,086 [INFO] sqlalchemy.engine.Engine: [raw sql] ()
2025-11-13 22:58:37,087 [INFO] sqlalchemy.engine.Engine: PRAGMA main.table_info("patient")
2025-11-13 22:58:37,087 [INFO] sqlalchemy.engine.Engine: [raw sql] ()
2025-11-13 22:58:37,087 [INFO] sqlalchemy.engine.Engine: COMMIT
2025-11-13 22:58:41,520 [INFO] sqlalchemy.engine.Engine: BEGIN (implicit)
2025-11-13 22:58:41,524 [INFO] sqlalchemy.engine.Engine: PRAGMA main.table_info("user")
2025-11-13 22:58:41,524 [INFO] sqlalchemy.engine.Engine: [raw sql] ()
2025-11-13 22:58:41,525 [INFO] sqlalchemy.engine.Engine: PRAGMA main.table_info("patient")
2025-11-13 22:58:41,526 [INFO] sqlalchemy.engine.Engine: [raw sql] ()
2025-11-13 22:58:41,530 [INFO] sqlalchemy.engine.Engine: COMMIT
2025-11-13 22:58:45,867 [INFO] sqlalchemy.engine.Engine: BEGIN (implicit)
2025-11-13 22:58:45,867 [INFO] sqlalchemy.engine.Engine: PRAGMA main.table_info("user")
2025-11-13 22:58:45,867 [INFO] sqlalchemy.engine.Engine: [raw sql] ()
2025-11-13 22:58:45,868 [INFO] sqlalchemy.engine.Engine: PRAGMA main.table_info("patient")
2025-11-13 22:58:45,868 [INFO] sqlalchemy.engine.Engine: [raw sql] ()
2025-11-13 22:58:45,868 [INFO] sqlalchemy.engine.Engine: COMMIT
2025-11-13 22:58:50,095 [INFO] sqlalchemy.engine.Engine: BEGIN (implicit)
2025-11-13 22:58:50,095 [INFO] sqlalchemy.engine.Engine: PRAGMA main.table_info("user")
2025-11-13 22:58:50,095 [INFO] sqlalchemy.engine.Engine: [raw sql] ()
2025-11-13 22:58:50,096 [INFO] sqlalchemy.engine.Engine: PRAGMA main.table_info("patient")
2025-11-13 22:58:50,096 [INFO] sqlalchemy.engine.Engine: [raw sql] ()
2025-11-13 22:58:50,097 [INFO] sqlalchemy.engine.Engine: COMMIT
2025-11-13 22:58:55,030 [INFO] sqlalchemy.engine.Engine: BEGIN (implicit)
2025-11-13 22:58:55,034 [INFO] sqlalchemy.engine.Engine: PRAGMA main.table_info("user")
2025-11-13 22:58:55,035 [INFO] sqlalchemy.engine.Engine: [raw sql] ()
2025-11-13 22:58:55,046 [INFO] sqlalchemy.engine.Engine: PRAGMA main.table_info("patient")
2025-11-13 22:58:55,046 [INFO] sqlalchemy.engine.Engine: [raw sql] ()
2025-11-13 22:58:55,047 [INFO] sqlalchemy.engine.Engine: COMMIT
2025-11-13 22:59:01,304 [INFO] sqlalchemy.engine.Engine: BEGIN (implicit)
2025-11-13 22:59:01,304 [INFO] sqlalchemy.engine.Engine: PRAGMA main.table_info("user")
2025-11-13 22:59:01,304 [INFO] sqlalchemy.engine.Engine: [raw sql] ()
2025-11-13 22:59:01,305 [INFO] sqlalchemy.engine.Engine: PRAGMA main.table_info("patient")
2025-11-13 22:59:01,305 [INFO] sqlalchemy.engine.Engine: [raw sql] ()
2025-11-13 22:59:01,306 [INFO] sqlalchemy.engine.Engine: COMMIT
2025-11-13 22:59:05,022 [INFO] sqlalchemy.engine.Engine: BEGIN (implicit)
2025-11-13 22:59:05,022 [INFO] sqlalchemy.engine.Engine: PRAGMA main.table_info("user")
2025-11-13 22:59:05,022 [INFO] sqlalchemy.engine.Engine: [raw sql] ()
2025-11-13 22:59:05,023 [INFO] sqlalchemy.engine.Engine: PRAGMA main.table_info("patient")
2025-11-13 22:59:05,023 [INFO] sqlalchemy.engine.Engine: [raw sql] ()
2025-11-13 22:59:05,024 [INFO] sqlalchemy.engine.Engine: COMMIT
2025-11-13 22:59:09,908 [INFO] sqlalchemy.engine.Engine: BEGIN (implicit)
2025-11-13 22:59:09,909 [INFO] sqlalchemy.engine.Engine: PRAGMA main.table_info("user")
2025-11-13 22:59:09,910 [INFO] sqlalchemy.engine.Engine: [raw sql] ()
2025-11-13 22:59:09,912 [INFO] sqlalchemy.engine.Engine: PRAGMA main.table_info("patient")
2025-11-13 22:59:09,913 [INFO] sqlalchemy.engine.Engine: [raw sql] ()
2025-11-13 22:59:09,914 [INFO] sqlalchemy.engine.Engine: COMMIT
2025-11-13 22:59:16,651 [INFO] sqlalchemy.engine.Engine: BEGIN (implicit)
2025-11-13 22:59:16,652 [INFO] sqlalchemy.engine.Engine: PRAGMA main.table_info("user")
2025-11-13 22:59:16,652 [INFO] sqlalchemy.engine.Engine: [raw sql] ()
2025-11-13 22:59:16,653 [INFO] sqlalchemy.engine.Engine: PRAGMA main.table_info("patient")
2025-11-13 22:59:16,653 [INFO] sqlalchemy.engine.Engine: [raw sql] ()
2025-11-13 22:59:16,654 [INFO] sqlalchemy.engine.Engine: COMMIT
2025-11-13 22:59:20,185 [INFO] sqlalchemy.engine.Engine: BEGIN (implicit)
2025-11-13 22:59:20,185 [INFO] sqlalchemy.engine.Engine: PRAGMA main.table_info("user")
2025-11-13 22:59:20,186 [INFO] sqlalchemy.engine.Engine: [raw sql] ()
2025-11-13 22:59:20,186 [INFO] sqlalchemy.engine.Engine: PRAGMA main.table_info("patient")
2025-11-13 22:59:20,187 [INFO] sqlalchemy.engine.Engine: [raw sql] ()
2025-11-13 22:59:20,187 [INFO] sqlalchemy.engine.Engine: COMMIT
2025-11-13 22:59:25,311 [INFO] sqlalchemy.engine.Engine: BEGIN (implicit)
2025-11-13 22:59:25,311 [INFO] sqlalchemy.engine.Engine: PRAGMA main.table_info("user")
2025-11-13 22:59:25,312 [INFO] sqlalchemy.engine.Engine: [raw sql] ()
2025-11-13 22:59:25,312 [INFO] sqlalchemy.engine.Engine: PRAGMA main.table_info("patient")
2025-11-13 22:59:25,313 [INFO] sqlalchemy.engine.Engine: [raw sql] ()
2025-11-13 22:59:25,313 [INFO] sqlalchemy.engine.Engine: COMMIT
2025-11-13 22:59:45,585 [INFO] sqlalchemy.engine.Engine: BEGIN (implicit)
2025-11-13 22:59:45,586 [INFO] sqlalchemy.engine.Engine: PRAGMA main.table_info("user")
2025-11-13 22:59:45,586 [INFO] sqlalchemy.engine.Engine: [raw sql] ()
2025-11-13 22:59:45,586 [INFO] sqlalchemy.engine.Engine: PRAGMA main.table_info("patient")
2025-11-13 22:59:45,586 [INFO] sqlalchemy.engine.Engine: [raw sql] ()
2025-11-13 22:59:45,587 [INFO] sqlalchemy.engine.Engine: COMMIT
2025-11-13 22:59:48,690 [INFO] sqlalchemy.engine.Engine: BEGIN (implicit)
2025-11-13 22:59:48,690 [INFO] sqlalchemy.engine.Engine: PRAGMA main.table_info("user")
2025-11-13 22:59:48,691 [INFO] sqlalchemy.engine.Engine: [raw sql] ()
2025-11-13 22:59:48,692 [INFO] sqlalchemy.engine.Engine: PRAGMA main.table_info("patient")
2025-11-13 22:59:48,693 [INFO] sqlalchemy.engine.Engine: [raw sql] ()
2025-11-13 22:59:48,693 [INFO] sqlalchemy.engine.Engine: COMMIT
2025-11-13 23:00:38,262 [INFO] sqlalchemy.engine.Engine: BEGIN (implicit)
2025-11-13 23:00:38,263 [INFO] sqlalchemy.engine.Engine: PRAGMA main.table_info("user")
2025-11-13 23:00:38,263 [INFO] sqlalchemy.engine.Engine: [raw sql] ()
2025-11-13 23:00:38,264 [INFO] sqlalchemy.engine.Engine: PRAGMA main.table_info("patient")
2025-11-13 23:00:38,264 [INFO] sqlalchemy.engine.Engine: [raw sql] ()
2025-11-13 23:00:38,264 [INFO] sqlalchemy.engine.Engine: COMMIT
2025-11-13 23:00:41,595 [INFO] sqlalchemy.engine.Engine: BEGIN (implicit)
2025-11-13 23:00:41,597 [INFO] sqlalchemy.engine.Engine: PRAGMA main.table_info("user")
2025-11-13 23:00:41,598 [INFO] sqlalchemy.engine.Engine: [raw sql] ()
2025-11-13 23:00:41,601 [INFO] sqlalchemy.engine.Engine: PRAGMA main.table_info("patient")
2025-11-13 23:00:41,602 [INFO] sqlalchemy.engine.Engine: [raw sql] ()
2025-11-13 23:00:41,603 [INFO] sqlalchemy.engine.Engine: COMMIT
2025-11-13 23:01:32,127 [INFO] sqlalchemy.engine.Engine: BEGIN (implicit)
2025-11-13 23:01:32,127 [INFO] sqlalchemy.engine.Engine: PRAGMA main.table_info("user")
2025-11-13 23:01:32,127 [INFO] sqlalchemy.engine.Engine: [raw sql] ()
2025-11-13 23:01:32,128 [INFO] sqlalchemy.engine.Engine: PRAGMA main.table_info("patient")
2025-11-13 23:01:32,128 [INFO] sqlalchemy.engine.Engine: [raw sql] ()
2025-11-13 23:01:32,128 [INFO] sqlalchemy.engine.Engine: COMMIT
2025-11-13 23:01:35,045 [INFO] sqlalchemy.engine.Engine: BEGIN (implicit)
2025-11-13 23:01:35,046 [INFO] sqlalchemy.engine.Engine: PRAGMA main.table_info("user")
2025-11-13 23:01:35,046 [INFO] sqlalchemy.engine.Engine: [raw sql] ()
2025-11-13 23:01:35,047 [INFO] sqlalchemy.engine.Engine: PRAGMA main.table_info("patient")
2025-11-13 23:01:35,048 [INFO] sqlalchemy.engine.Engine: [raw sql] ()
2025-11-13 23:01:35,048 [INFO] sqlalchemy.engine.Engine: COMMIT
2025-11-13 23:01:35,061 [INFO] ==============BLUE WARRIORS============: initilisation de rag
2025-11-13 23:01:35,062 [ERROR] ==============BLUE WARRIORS============: Error initializing RAG chain: [Errno 2] No such file or directory: '/home/donerick/ProstaCareAI/backend/src/config.ini'
2025-11-13 23:06:13,862 [INFO] sqlalchemy.engine.Engine: BEGIN (implicit)
2025-11-13 23:06:13,862 [INFO] sqlalchemy.engine.Engine: PRAGMA main.table_info("user")
2025-11-13 23:06:13,862 [INFO] sqlalchemy.engine.Engine: [raw sql] ()
2025-11-13 23:06:13,863 [INFO] sqlalchemy.engine.Engine: PRAGMA main.table_info("patient")
2025-11-13 23:06:13,863 [INFO] sqlalchemy.engine.Engine: [raw sql] ()
2025-11-13 23:06:13,864 [INFO] sqlalchemy.engine.Engine: COMMIT
2025-11-13 23:06:13,876 [INFO] ==============BLUE WARRIORS============: initilisation de rag
2025-11-13 23:06:13,877 [CRITICAL] =========== PIPELINE RAG FINALE ===============: Erreur lors de la lecture du fichier de configuration: Le fichier config.ini n'a pas pu être lu ou est vide.
2025-11-13 23:06:13,877 [ERROR] ==============BLUE WARRIORS============: Error initializing RAG chain: Le fichier config.ini n'a pas pu être lu ou est vide.
2025-11-13 23:09:24,720 [INFO] sqlalchemy.engine.Engine: BEGIN (implicit)
2025-11-13 23:09:24,721 [INFO] sqlalchemy.engine.Engine: PRAGMA main.table_info("user")
2025-11-13 23:09:24,721 [INFO] sqlalchemy.engine.Engine: [raw sql] ()
2025-11-13 23:09:24,722 [INFO] sqlalchemy.engine.Engine: PRAGMA main.table_info("patient")
2025-11-13 23:09:24,722 [INFO] sqlalchemy.engine.Engine: [raw sql] ()
2025-11-13 23:09:24,722 [INFO] sqlalchemy.engine.Engine: COMMIT
2025-11-13 23:09:24,736 [INFO] ==============BLUE WARRIORS============: initilisation de rag
2025-11-13 23:09:24,736 [ERROR] ==============BLUE WARRIORS============: Error initializing RAG chain: [Errno 2] No such file or directory: '/home/donerick/ProstaCareAI/backend/src/rag_engine/../../../ config.ini'
2025-11-13 23:09:27,541 [INFO] sqlalchemy.engine.Engine: BEGIN (implicit)
2025-11-13 23:09:27,542 [INFO] sqlalchemy.engine.Engine: PRAGMA main.table_info("user")
2025-11-13 23:09:27,542 [INFO] sqlalchemy.engine.Engine: [raw sql] ()
2025-11-13 23:09:27,542 [INFO] sqlalchemy.engine.Engine: PRAGMA main.table_info("patient")
2025-11-13 23:09:27,543 [INFO] sqlalchemy.engine.Engine: [raw sql] ()
2025-11-13 23:09:27,543 [INFO] sqlalchemy.engine.Engine: COMMIT
2025-11-13 23:09:27,555 [INFO] ==============BLUE WARRIORS============: initilisation de rag
2025-11-13 23:09:27,555 [ERROR] ==============BLUE WARRIORS============: Error initializing RAG chain: [Errno 2] No such file or directory: '/home/donerick/ProstaCareAI/backend/src/rag_engine/../../../ config.ini'
2025-11-13 23:09:56,846 [INFO] sqlalchemy.engine.Engine: BEGIN (implicit)
2025-11-13 23:09:56,847 [INFO] sqlalchemy.engine.Engine: PRAGMA main.table_info("user")
2025-11-13 23:09:56,847 [INFO] sqlalchemy.engine.Engine: [raw sql] ()
2025-11-13 23:09:56,847 [INFO] sqlalchemy.engine.Engine: PRAGMA main.table_info("patient")
2025-11-13 23:09:56,848 [INFO] sqlalchemy.engine.Engine: [raw sql] ()
2025-11-13 23:09:56,848 [INFO] sqlalchemy.engine.Engine: COMMIT
2025-11-13 23:09:56,857 [INFO] ==============BLUE WARRIORS============: initilisation de rag
2025-11-13 23:09:56,858 [CRITICAL] =========== PIPELINE RAG FINALE ===============: Erreur lors de la lecture du fichier de configuration: name 'config_path' is not defined
2025-11-13 23:09:56,858 [ERROR] ==============BLUE WARRIORS============: Error initializing RAG chain: name 'config_path' is not defined
2025-11-13 23:10:24,037 [INFO] sqlalchemy.engine.Engine: BEGIN (implicit)
2025-11-13 23:10:24,037 [INFO] sqlalchemy.engine.Engine: PRAGMA main.table_info("user")
2025-11-13 23:10:24,037 [INFO] sqlalchemy.engine.Engine: [raw sql] ()
2025-11-13 23:10:24,038 [INFO] sqlalchemy.engine.Engine: PRAGMA main.table_info("patient")
2025-11-13 23:10:24,038 [INFO] sqlalchemy.engine.Engine: [raw sql] ()
2025-11-13 23:10:24,038 [INFO] sqlalchemy.engine.Engine: COMMIT
2025-11-13 23:10:24,054 [INFO] ==============BLUE WARRIORS============: initilisation de rag
2025-11-13 23:10:24,055 [CRITICAL] =========== PIPELINE RAG FINALE ===============: Erreur lors de la lecture du fichier de configuration: name 'config_path' is not defined
2025-11-13 23:10:24,055 [ERROR] ==============BLUE WARRIORS============: Error initializing RAG chain: name 'config_path' is not defined
2025-11-13 23:10:27,008 [INFO] sqlalchemy.engine.Engine: BEGIN (implicit)
2025-11-13 23:10:27,008 [INFO] sqlalchemy.engine.Engine: PRAGMA main.table_info("user")
2025-11-13 23:10:27,008 [INFO] sqlalchemy.engine.Engine: [raw sql] ()
2025-11-13 23:10:27,010 [INFO] sqlalchemy.engine.Engine: PRAGMA main.table_info("patient")
2025-11-13 23:10:27,010 [INFO] sqlalchemy.engine.Engine: [raw sql] ()
2025-11-13 23:10:27,011 [INFO] sqlalchemy.engine.Engine: COMMIT
2025-11-13 23:10:27,034 [INFO] ==============BLUE WARRIORS============: initilisation de rag
2025-11-13 23:10:27,035 [CRITICAL] =========== PIPELINE RAG FINALE ===============: Erreur lors de la lecture du fichier de configuration: Le fichier config.ini n'a pas pu être lu ou est vide.
2025-11-13 23:10:27,035 [ERROR] ==============BLUE WARRIORS============: Error initializing RAG chain: Le fichier config.ini n'a pas pu être lu ou est vide.
2025-11-13 23:11:44,521 [INFO] sqlalchemy.engine.Engine: BEGIN (implicit)
2025-11-13 23:11:44,521 [INFO] sqlalchemy.engine.Engine: PRAGMA main.table_info("user")
2025-11-13 23:11:44,522 [INFO] sqlalchemy.engine.Engine: [raw sql] ()
2025-11-13 23:11:44,522 [INFO] sqlalchemy.engine.Engine: PRAGMA main.table_info("patient")
2025-11-13 23:11:44,522 [INFO] sqlalchemy.engine.Engine: [raw sql] ()
2025-11-13 23:11:44,523 [INFO] sqlalchemy.engine.Engine: COMMIT
2025-11-13 23:11:44,541 [INFO] ==============BLUE WARRIORS============: initilisation de rag
2025-11-13 23:11:44,541 [INFO] =========== PIPELINE RAG FINALE ===============: Configuration lue avec succès depuis config.ini.
2025-11-13 23:11:44,541 [INFO] =========== PIPELINE RAG FINALE ===============: Les environnements sont chargés avec succès
2025-11-13 23:11:44,542 [ERROR] |=========RETRIEVER LOCAL BUILD===========|: Erreur lors de la création du retriever local: BaseModel.__init__() takes 1 positional argument but 2 were given
2025-11-13 23:11:44,542 [ERROR] ==============BLUE WARRIORS============: Error initializing RAG chain: BaseModel.__init__() takes 1 positional argument but 2 were given
2025-11-13 23:12:03,887 [INFO] sqlalchemy.engine.Engine: BEGIN (implicit)
2025-11-13 23:12:03,888 [INFO] sqlalchemy.engine.Engine: PRAGMA main.table_info("user")
2025-11-13 23:12:03,888 [INFO] sqlalchemy.engine.Engine: [raw sql] ()
2025-11-13 23:12:03,889 [INFO] sqlalchemy.engine.Engine: PRAGMA main.table_info("patient")
2025-11-13 23:12:03,889 [INFO] sqlalchemy.engine.Engine: [raw sql] ()
2025-11-13 23:12:03,890 [INFO] sqlalchemy.engine.Engine: COMMIT
2025-11-13 23:12:03,901 [INFO] ==============BLUE WARRIORS============: initilisation de rag
2025-11-13 23:12:03,902 [INFO] =========== PIPELINE RAG FINALE ===============: Configuration lue avec succès depuis config.ini.
2025-11-13 23:12:03,902 [INFO] =========== PIPELINE RAG FINALE ===============: Les environnements sont chargés avec succès
2025-11-13 23:12:03,902 [ERROR] |=========RETRIEVER LOCAL BUILD===========|: Erreur lors de la création du retriever local: BaseModel.__init__() takes 1 positional argument but 2 were given
2025-11-13 23:12:03,902 [ERROR] ==============BLUE WARRIORS============: Error initializing RAG chain: BaseModel.__init__() takes 1 positional argument but 2 were given
2025-11-13 23:19:03,087 [INFO] sqlalchemy.engine.Engine: BEGIN (implicit)
2025-11-13 23:19:03,087 [INFO] sqlalchemy.engine.Engine: PRAGMA main.table_info("user")
2025-11-13 23:19:03,088 [INFO] sqlalchemy.engine.Engine: [raw sql] ()
2025-11-13 23:19:03,089 [INFO] sqlalchemy.engine.Engine: PRAGMA main.table_info("patient")
2025-11-13 23:19:03,089 [INFO] sqlalchemy.engine.Engine: [raw sql] ()
2025-11-13 23:19:03,090 [INFO] sqlalchemy.engine.Engine: COMMIT
2025-11-13 23:19:03,115 [INFO] ==============BLUE WARRIORS============: initilisation de rag
2025-11-13 23:19:03,117 [INFO] =========== PIPELINE RAG FINALE ===============: Configuration lue avec succès depuis config.ini.
2025-11-13 23:19:03,117 [INFO] =========== PIPELINE RAG FINALE ===============: Les environnements sont chargés avec succès
2025-11-13 23:19:03,118 [ERROR] |=========RETRIEVER LOCAL BUILD===========|: Erreur lors de la création du retriever local: BaseModel.__init__() takes 1 positional argument but 2 were given
2025-11-13 23:19:03,118 [ERROR] ==============BLUE WARRIORS============: Error initializing RAG chain: BaseModel.__init__() takes 1 positional argument but 2 were given
2025-11-13 23:19:06,944 [INFO] sqlalchemy.engine.Engine: BEGIN (implicit)
2025-11-13 23:19:06,945 [INFO] sqlalchemy.engine.Engine: PRAGMA main.table_info("user")
2025-11-13 23:19:06,946 [INFO] sqlalchemy.engine.Engine: [raw sql] ()
2025-11-13 23:19:06,946 [INFO] sqlalchemy.engine.Engine: PRAGMA main.table_info("patient")
2025-11-13 23:19:06,947 [INFO] sqlalchemy.engine.Engine: [raw sql] ()
2025-11-13 23:19:06,947 [INFO] sqlalchemy.engine.Engine: COMMIT
2025-11-13 23:19:06,964 [INFO] ==============BLUE WARRIORS============: initilisation de rag
2025-11-13 23:19:06,965 [INFO] =========== PIPELINE RAG FINALE ===============: Configuration lue avec succès depuis config.ini.
2025-11-13 23:19:06,966 [INFO] =========== PIPELINE RAG FINALE ===============: Les environnements sont chargés avec succès
2025-11-13 23:19:06,966 [ERROR] |=========RETRIEVER LOCAL BUILD===========|: Erreur lors de la création du retriever local: BaseModel.__init__() takes 1 positional argument but 2 were given
2025-11-13 23:19:06,966 [ERROR] ==============BLUE WARRIORS============: Error initializing RAG chain: BaseModel.__init__() takes 1 positional argument but 2 were given
2025-11-13 23:19:10,879 [INFO] sqlalchemy.engine.Engine: BEGIN (implicit)
2025-11-13 23:19:10,880 [INFO] sqlalchemy.engine.Engine: PRAGMA main.table_info("user")
2025-11-13 23:19:10,880 [INFO] sqlalchemy.engine.Engine: [raw sql] ()
2025-11-13 23:19:10,881 [INFO] sqlalchemy.engine.Engine: PRAGMA main.table_info("patient")
2025-11-13 23:19:10,881 [INFO] sqlalchemy.engine.Engine: [raw sql] ()
2025-11-13 23:19:10,881 [INFO] sqlalchemy.engine.Engine: COMMIT
2025-11-13 23:19:10,899 [INFO] ==============BLUE WARRIORS============: initilisation de rag
2025-11-13 23:19:10,899 [INFO] =========== PIPELINE RAG FINALE ===============: Configuration lue avec succès depuis config.ini.
2025-11-13 23:19:10,899 [INFO] =========== PIPELINE RAG FINALE ===============: Les environnements sont chargés avec succès
2025-11-13 23:19:10,900 [ERROR] |=========RETRIEVER LOCAL BUILD===========|: Erreur lors de la création du retriever local: BaseModel.__init__() takes 1 positional argument but 2 were given
2025-11-13 23:19:10,900 [ERROR] ==============BLUE WARRIORS============: Error initializing RAG chain: BaseModel.__init__() takes 1 positional argument but 2 were given
2025-11-13 23:19:13,875 [INFO] sqlalchemy.engine.Engine: BEGIN (implicit)
2025-11-13 23:19:13,876 [INFO] sqlalchemy.engine.Engine: PRAGMA main.table_info("user")
2025-11-13 23:19:13,876 [INFO] sqlalchemy.engine.Engine: [raw sql] ()
2025-11-13 23:19:13,876 [INFO] sqlalchemy.engine.Engine: PRAGMA main.table_info("patient")
2025-11-13 23:19:13,877 [INFO] sqlalchemy.engine.Engine: [raw sql] ()
2025-11-13 23:19:13,877 [INFO] sqlalchemy.engine.Engine: COMMIT
2025-11-13 23:19:13,891 [INFO] ==============BLUE WARRIORS============: initilisation de rag
2025-11-13 23:19:13,892 [INFO] =========== PIPELINE RAG FINALE ===============: Configuration lue avec succès depuis config.ini.
2025-11-13 23:19:13,892 [INFO] =========== PIPELINE RAG FINALE ===============: Les environnements sont chargés avec succès
2025-11-13 23:19:13,892 [ERROR] |=========RETRIEVER LOCAL BUILD===========|: Erreur lors de la création du retriever local: BaseModel.__init__() takes 1 positional argument but 2 were given
2025-11-13 23:19:13,892 [ERROR] ==============BLUE WARRIORS============: Error initializing RAG chain: BaseModel.__init__() takes 1 positional argument but 2 were given
2025-11-13 23:19:27,744 [INFO] sqlalchemy.engine.Engine: BEGIN (implicit)
2025-11-13 23:19:27,745 [INFO] sqlalchemy.engine.Engine: PRAGMA main.table_info("user")
2025-11-13 23:19:27,745 [INFO] sqlalchemy.engine.Engine: [raw sql] ()
2025-11-13 23:19:27,746 [INFO] sqlalchemy.engine.Engine: PRAGMA main.table_info("patient")
2025-11-13 23:19:27,746 [INFO] sqlalchemy.engine.Engine: [raw sql] ()
2025-11-13 23:19:27,746 [INFO] sqlalchemy.engine.Engine: COMMIT
2025-11-13 23:19:27,759 [INFO] ==============BLUE WARRIORS============: initilisation de rag
2025-11-13 23:19:27,759 [INFO] =========== PIPELINE RAG FINALE ===============: Configuration lue avec succès depuis config.ini.
2025-11-13 23:19:27,760 [INFO] =========== PIPELINE RAG FINALE ===============: Les environnements sont chargés avec succès
2025-11-13 23:19:27,760 [ERROR] |=========RETRIEVER LOCAL BUILD===========|: Erreur lors de la création du retriever local: BaseModel.__init__() takes 1 positional argument but 2 were given
2025-11-13 23:19:27,760 [ERROR] ==============BLUE WARRIORS============: Error initializing RAG chain: BaseModel.__init__() takes 1 positional argument but 2 were given
2025-11-13 23:19:33,526 [INFO] sqlalchemy.engine.Engine: BEGIN (implicit)
2025-11-13 23:19:33,527 [INFO] sqlalchemy.engine.Engine: PRAGMA main.table_info("user")
2025-11-13 23:19:33,527 [INFO] sqlalchemy.engine.Engine: [raw sql] ()
2025-11-13 23:19:33,528 [INFO] sqlalchemy.engine.Engine: PRAGMA main.table_info("patient")
2025-11-13 23:19:33,528 [INFO] sqlalchemy.engine.Engine: [raw sql] ()
2025-11-13 23:19:33,528 [INFO] sqlalchemy.engine.Engine: COMMIT
2025-11-13 23:19:33,539 [INFO] ==============BLUE WARRIORS============: initilisation de rag
2025-11-13 23:19:33,540 [INFO] =========== PIPELINE RAG FINALE ===============: Configuration lue avec succès depuis config.ini.
2025-11-13 23:19:33,540 [INFO] =========== PIPELINE RAG FINALE ===============: Les environnements sont chargés avec succès
2025-11-13 23:19:33,540 [ERROR] |=========RETRIEVER LOCAL BUILD===========|: Erreur lors de la création du retriever local: BaseModel.__init__() takes 1 positional argument but 2 were given
2025-11-13 23:19:33,540 [ERROR] ==============BLUE WARRIORS============: Error initializing RAG chain: BaseModel.__init__() takes 1 positional argument but 2 were given
2025-11-13 23:56:40,166 [INFO] sqlalchemy.engine.Engine: BEGIN (implicit)
2025-11-13 23:56:40,167 [INFO] sqlalchemy.engine.Engine: PRAGMA main.table_info("user")
2025-11-13 23:56:40,167 [INFO] sqlalchemy.engine.Engine: [raw sql] ()
2025-11-13 23:56:40,168 [INFO] sqlalchemy.engine.Engine: PRAGMA main.table_info("patient")
2025-11-13 23:56:40,168 [INFO] sqlalchemy.engine.Engine: [raw sql] ()
2025-11-13 23:56:40,168 [INFO] sqlalchemy.engine.Engine: COMMIT
2025-11-13 23:56:40,178 [INFO] ==============BLUE WARRIORS============: initilisation de rag
2025-11-13 23:56:40,179 [INFO] =========== PIPELINE RAG FINALE ===============: Configuration lue avec succès depuis config.ini.
2025-11-13 23:56:40,179 [INFO] =========== PIPELINE RAG FINALE ===============: Les environnements sont chargés avec succès
2025-11-13 23:56:40,180 [ERROR] ==============BLUE WARRIORS============: Error initializing RAG chain: build_retriever_local() got an unexpected keyword argument 'emdedding_model_name'
2025-11-13 23:56:46,598 [INFO] sqlalchemy.engine.Engine: BEGIN (implicit)
2025-11-13 23:56:46,599 [INFO] sqlalchemy.engine.Engine: PRAGMA main.table_info("user")
2025-11-13 23:56:46,599 [INFO] sqlalchemy.engine.Engine: [raw sql] ()
2025-11-13 23:56:46,599 [INFO] sqlalchemy.engine.Engine: PRAGMA main.table_info("patient")
2025-11-13 23:56:46,600 [INFO] sqlalchemy.engine.Engine: [raw sql] ()
2025-11-13 23:56:46,600 [INFO] sqlalchemy.engine.Engine: COMMIT
2025-11-13 23:56:46,612 [INFO] ==============BLUE WARRIORS============: initilisation de rag
2025-11-13 23:56:46,613 [INFO] =========== PIPELINE RAG FINALE ===============: Configuration lue avec succès depuis config.ini.
2025-11-13 23:56:46,613 [INFO] =========== PIPELINE RAG FINALE ===============: Les environnements sont chargés avec succès
2025-11-13 23:56:46,613 [ERROR] ==============BLUE WARRIORS============: Error initializing RAG chain: build_retriever_local() got an unexpected keyword argument 'emdedding_model_name'
2025-11-13 23:56:50,620 [INFO] sqlalchemy.engine.Engine: BEGIN (implicit)
2025-11-13 23:56:50,620 [INFO] sqlalchemy.engine.Engine: PRAGMA main.table_info("user")
2025-11-13 23:56:50,621 [INFO] sqlalchemy.engine.Engine: [raw sql] ()
2025-11-13 23:56:50,622 [INFO] sqlalchemy.engine.Engine: PRAGMA main.table_info("patient")
2025-11-13 23:56:50,622 [INFO] sqlalchemy.engine.Engine: [raw sql] ()
2025-11-13 23:56:50,623 [INFO] sqlalchemy.engine.Engine: COMMIT
2025-11-13 23:56:50,645 [INFO] ==============BLUE WARRIORS============: initilisation de rag
2025-11-13 23:56:50,645 [INFO] =========== PIPELINE RAG FINALE ===============: Configuration lue avec succès depuis config.ini.
2025-11-13 23:56:50,646 [INFO] =========== PIPELINE RAG FINALE ===============: Les environnements sont chargés avec succès
2025-11-13 23:56:50,646 [ERROR] ==============BLUE WARRIORS============: Error initializing RAG chain: build_retriever_local() got an unexpected keyword argument 'emdedding_model_name'
2025-11-13 23:56:58,510 [INFO] sqlalchemy.engine.Engine: BEGIN (implicit)
2025-11-13 23:56:58,511 [INFO] sqlalchemy.engine.Engine: PRAGMA main.table_info("user")
2025-11-13 23:56:58,511 [INFO] sqlalchemy.engine.Engine: [raw sql] ()
2025-11-13 23:56:58,512 [INFO] sqlalchemy.engine.Engine: PRAGMA main.table_info("patient")
2025-11-13 23:56:58,512 [INFO] sqlalchemy.engine.Engine: [raw sql] ()
2025-11-13 23:56:58,512 [INFO] sqlalchemy.engine.Engine: COMMIT
2025-11-13 23:56:58,526 [INFO] ==============BLUE WARRIORS============: initilisation de rag
2025-11-13 23:56:58,527 [INFO] =========== PIPELINE RAG FINALE ===============: Configuration lue avec succès depuis config.ini.
2025-11-13 23:56:58,527 [INFO] =========== PIPELINE RAG FINALE ===============: Les environnements sont chargés avec succès
2025-11-13 23:56:58,527 [ERROR] ==============BLUE WARRIORS============: Error initializing RAG chain: build_retriever_local() got an unexpected keyword argument 'emdedding_model_name'
2025-11-13 23:57:00,919 [INFO] sqlalchemy.engine.Engine: BEGIN (implicit)
2025-11-13 23:57:00,920 [INFO] sqlalchemy.engine.Engine: PRAGMA main.table_info("user")
2025-11-13 23:57:00,920 [INFO] sqlalchemy.engine.Engine: [raw sql] ()
2025-11-13 23:57:00,920 [INFO] sqlalchemy.engine.Engine: PRAGMA main.table_info("patient")
2025-11-13 23:57:00,921 [INFO] sqlalchemy.engine.Engine: [raw sql] ()
2025-11-13 23:57:00,921 [INFO] sqlalchemy.engine.Engine: COMMIT
2025-11-13 23:57:00,931 [INFO] ==============BLUE WARRIORS============: initilisation de rag
2025-11-13 23:57:00,931 [INFO] =========== PIPELINE RAG FINALE ===============: Configuration lue avec succès depuis config.ini.
2025-11-13 23:57:00,932 [INFO] =========== PIPELINE RAG FINALE ===============: Les environnements sont chargés avec succès
2025-11-13 23:57:00,932 [ERROR] ==============BLUE WARRIORS============: Error initializing RAG chain: build_retriever_local() got an unexpected keyword argument 'emdedding_model_name'
2025-11-13 23:58:57,042 [INFO] sqlalchemy.engine.Engine: BEGIN (implicit)
2025-11-13 23:58:57,042 [INFO] sqlalchemy.engine.Engine: PRAGMA main.table_info("user")
2025-11-13 23:58:57,042 [INFO] sqlalchemy.engine.Engine: [raw sql] ()
2025-11-13 23:58:57,043 [INFO] sqlalchemy.engine.Engine: PRAGMA main.table_info("patient")
2025-11-13 23:58:57,043 [INFO] sqlalchemy.engine.Engine: [raw sql] ()
2025-11-13 23:58:57,044 [INFO] sqlalchemy.engine.Engine: COMMIT
2025-11-13 23:58:57,054 [INFO] ==============BLUE WARRIORS============: initilisation de rag
2025-11-13 23:58:57,055 [INFO] =========== PIPELINE RAG FINALE ===============: Configuration lue avec succès depuis config.ini.
2025-11-13 23:58:57,055 [INFO] =========== PIPELINE RAG FINALE ===============: Les environnements sont chargés avec succès
2025-11-13 23:59:02,963 [ERROR] |=========RETRIEVER LOCAL BUILD===========|: Erreur lors de la création du retriever local: (404)
Reason: Not Found
HTTP response headers: HTTPHeaderDict({'content-type': 'text/plain; charset=utf-8', 'access-control-allow-origin': '*', 'vary': 'origin,access-control-request-method,access-control-request-headers', 'access-control-expose-headers': '*', 'x-pinecone-api-version': '2025-04', 'x-cloud-trace-context': 'c9a9d126d76e091979102f1a91a53c2e', 'date': 'Thu, 13 Nov 2025 22:59:02 GMT', 'server': 'Google Frontend', 'Content-Length': '91', 'Via': '1.1 google', 'Alt-Svc': 'h3=":443"; ma=2592000,h3-29=":443"; ma=2592000'})
HTTP response body: {"error":{"code":"NOT_FOUND","message":"Resource prostacare-index not found"},"status":404}

2025-11-13 23:59:02,964 [ERROR] ==============BLUE WARRIORS============: Error initializing RAG chain: (404)
Reason: Not Found
HTTP response headers: HTTPHeaderDict({'content-type': 'text/plain; charset=utf-8', 'access-control-allow-origin': '*', 'vary': 'origin,access-control-request-method,access-control-request-headers', 'access-control-expose-headers': '*', 'x-pinecone-api-version': '2025-04', 'x-cloud-trace-context': 'c9a9d126d76e091979102f1a91a53c2e', 'date': 'Thu, 13 Nov 2025 22:59:02 GMT', 'server': 'Google Frontend', 'Content-Length': '91', 'Via': '1.1 google', 'Alt-Svc': 'h3=":443"; ma=2592000,h3-29=":443"; ma=2592000'})
HTTP response body: {"error":{"code":"NOT_FOUND","message":"Resource prostacare-index not found"},"status":404}

2025-11-14 00:02:44,840 [INFO] sqlalchemy.engine.Engine: BEGIN (implicit)
2025-11-14 00:02:44,841 [INFO] sqlalchemy.engine.Engine: PRAGMA main.table_info("user")
2025-11-14 00:02:44,841 [INFO] sqlalchemy.engine.Engine: [raw sql] ()
2025-11-14 00:02:44,842 [INFO] sqlalchemy.engine.Engine: PRAGMA main.table_info("patient")
2025-11-14 00:02:44,842 [INFO] sqlalchemy.engine.Engine: [raw sql] ()
2025-11-14 00:02:44,843 [INFO] sqlalchemy.engine.Engine: COMMIT
2025-11-14 00:02:44,855 [INFO] ==============BLUE WARRIORS============: initilisation de rag
2025-11-14 00:02:44,855 [INFO] =========== PIPELINE RAG FINALE ===============: Configuration lue avec succès depuis config.ini.
2025-11-14 00:02:44,856 [INFO] =========== PIPELINE RAG FINALE ===============: Les environnements sont chargés avec succès
2025-11-14 00:05:00,186 [WARNING] urllib3.connectionpool: Retrying (JitterRetry(total=4, connect=None, read=None, redirect=None, status=None)) after connection broken by 'ConnectTimeoutError(<urllib3.connection.HTTPSConnection object at 0x713ea8a39310>, 'Connection to api.pinecone.io timed out. (connect timeout=None)')': /models?type=embed
2025-11-14 00:05:25,879 [WARNING] urllib3.connectionpool: Retrying (JitterRetry(total=3, connect=None, read=None, redirect=None, status=None)) after connection broken by 'NameResolutionError("<urllib3.connection.HTTPSConnection object at 0x713ea8a39490>: Failed to resolve 'api.pinecone.io' ([Errno -3] Temporary failure in name resolution)")': /models?type=embed
2025-11-14 00:05:46,966 [WARNING] urllib3.connectionpool: Retrying (JitterRetry(total=2, connect=None, read=None, redirect=None, status=None)) after connection broken by 'NameResolutionError("<urllib3.connection.HTTPSConnection object at 0x713ea8a395e0>: Failed to resolve 'api.pinecone.io' ([Errno -3] Temporary failure in name resolution)")': /models?type=embed
2025-11-14 00:06:09,206 [WARNING] urllib3.connectionpool: Retrying (JitterRetry(total=1, connect=None, read=None, redirect=None, status=None)) after connection broken by 'NameResolutionError("<urllib3.connection.HTTPSConnection object at 0x713ea8a39730>: Failed to resolve 'api.pinecone.io' ([Errno -3] Temporary failure in name resolution)")': /models?type=embed
2025-11-14 00:06:33,251 [WARNING] urllib3.connectionpool: Retrying (JitterRetry(total=0, connect=None, read=None, redirect=None, status=None)) after connection broken by 'NameResolutionError("<urllib3.connection.HTTPSConnection object at 0x713ea8a39880>: Failed to resolve 'api.pinecone.io' ([Errno -3] Temporary failure in name resolution)")': /models?type=embed
2025-11-14 00:06:53,266 [ERROR] |=========RETRIEVER LOCAL BUILD===========|: Erreur lors de la création du retriever local: HTTPSConnectionPool(host='api.pinecone.io', port=443): Max retries exceeded with url: /models?type=embed (Caused by NameResolutionError("<urllib3.connection.HTTPSConnection object at 0x713ea8a399d0>: Failed to resolve 'api.pinecone.io' ([Errno -3] Temporary failure in name resolution)"))
2025-11-14 00:06:53,267 [ERROR] ==============BLUE WARRIORS============: Error initializing RAG chain: HTTPSConnectionPool(host='api.pinecone.io', port=443): Max retries exceeded with url: /models?type=embed (Caused by NameResolutionError("<urllib3.connection.HTTPSConnection object at 0x713ea8a399d0>: Failed to resolve 'api.pinecone.io' ([Errno -3] Temporary failure in name resolution)"))
2025-11-14 00:16:05,342 [INFO] =========== PIPELINE RAG FINALE ===============: Configuration lue avec succès depuis config.ini.
2025-11-14 00:16:05,342 [INFO] =========== PIPELINE RAG FINALE ===============: Les environnements sont chargés avec succès
2025-11-14 00:16:25,423 [WARNING] urllib3.connectionpool: Retrying (JitterRetry(total=4, connect=None, read=None, redirect=None, status=None)) after connection broken by 'NameResolutionError("<urllib3.connection.HTTPSConnection object at 0x713ea8a9e720>: Failed to resolve 'api.pinecone.io' ([Errno -3] Temporary failure in name resolution)")': /models?type=embed
2025-11-14 00:16:46,152 [WARNING] urllib3.connectionpool: Retrying (JitterRetry(total=3, connect=None, read=None, redirect=None, status=None)) after connection broken by 'NameResolutionError("<urllib3.connection.HTTPSConnection object at 0x713ea8a9eb10>: Failed to resolve 'api.pinecone.io' ([Errno -3] Temporary failure in name resolution)")': /models?type=embed
2025-11-14 00:17:07,373 [WARNING] urllib3.connectionpool: Retrying (JitterRetry(total=2, connect=None, read=None, redirect=None, status=None)) after connection broken by 'NameResolutionError("<urllib3.connection.HTTPSConnection object at 0x713ea8a9efc0>: Failed to resolve 'api.pinecone.io' ([Errno -3] Temporary failure in name resolution)")': /models?type=embed
2025-11-14 00:17:23,999 [ERROR] ==============BLUE WARRIORS============: Error initializing RAG chain: "CustomEnsembleRetriever" object has no field "retriever_local"
2025-11-14 00:17:23,999 [ERROR] ==============BLUE WARRIORS============: RAG chain is not initialized.
2025-11-14 00:44:44,541 [INFO] sqlalchemy.engine.Engine: BEGIN (implicit)
2025-11-14 00:44:44,542 [INFO] sqlalchemy.engine.Engine: PRAGMA main.table_info("user")
2025-11-14 00:44:44,543 [INFO] sqlalchemy.engine.Engine: [raw sql] ()
2025-11-14 00:44:44,543 [INFO] sqlalchemy.engine.Engine: PRAGMA main.table_info("patient")
2025-11-14 00:44:44,544 [INFO] sqlalchemy.engine.Engine: [raw sql] ()
2025-11-14 00:44:44,544 [INFO] sqlalchemy.engine.Engine: COMMIT
2025-11-14 00:44:44,554 [INFO] ==============BLUE WARRIORS============: initilisation de rag
2025-11-14 00:44:44,555 [INFO] =========== PIPELINE RAG FINALE ===============: Configuration lue avec succès depuis config.ini.
2025-11-14 00:44:44,555 [INFO] =========== PIPELINE RAG FINALE ===============: Les environnements sont chargés avec succès
2025-11-14 00:44:46,490 [INFO] ==============BLUE WARRIORS============: RAG chain initialized successfully.
2025-11-14 00:45:02,383 [INFO] =========== PIPELINE RAG FINALE ===============: Configuration lue avec succès depuis config.ini.
2025-11-14 00:45:02,384 [INFO] =========== PIPELINE RAG FINALE ===============: Les environnements sont chargés avec succès
2025-11-14 00:45:03,213 [INFO] ==============BLUE WARRIORS============: RAG chain initialized successfully.
2025-11-14 00:45:03,213 [ERROR] ==============BLUE WARRIORS============: RAG chain is not initialized.
2025-11-14 00:49:34,360 [INFO] sqlalchemy.engine.Engine: BEGIN (implicit)
2025-11-14 00:49:34,361 [INFO] sqlalchemy.engine.Engine: PRAGMA main.table_info("user")
2025-11-14 00:49:34,361 [INFO] sqlalchemy.engine.Engine: [raw sql] ()
2025-11-14 00:49:34,361 [INFO] sqlalchemy.engine.Engine: PRAGMA main.table_info("patient")
2025-11-14 00:49:34,362 [INFO] sqlalchemy.engine.Engine: [raw sql] ()
2025-11-14 00:49:34,362 [INFO] sqlalchemy.engine.Engine: COMMIT
2025-11-14 00:49:34,376 [INFO] ==============BLUE WARRIORS============: initilisation de rag
2025-11-14 00:49:34,376 [INFO] =========== PIPELINE RAG FINALE ===============: Configuration lue avec succès depuis config.ini.
2025-11-14 00:49:34,377 [INFO] =========== PIPELINE RAG FINALE ===============: Les environnements sont chargés avec succès
2025-11-14 00:49:37,405 [INFO] ==============BLUE WARRIORS============: RAG chain initialized successfully.
2025-11-14 00:49:41,373 [INFO] sqlalchemy.engine.Engine: BEGIN (implicit)
2025-11-14 00:49:41,374 [INFO] sqlalchemy.engine.Engine: PRAGMA main.table_info("user")
2025-11-14 00:49:41,374 [INFO] sqlalchemy.engine.Engine: [raw sql] ()
2025-11-14 00:49:41,374 [INFO] sqlalchemy.engine.Engine: PRAGMA main.table_info("patient")
2025-11-14 00:49:41,374 [INFO] sqlalchemy.engine.Engine: [raw sql] ()
2025-11-14 00:49:41,375 [INFO] sqlalchemy.engine.Engine: COMMIT
2025-11-14 00:49:41,385 [INFO] ==============BLUE WARRIORS============: initilisation de rag
2025-11-14 00:49:41,386 [CRITICAL] =========== PIPELINE RAG FINALE ===============: Erreur lors de la lecture du fichier de configuration: name 'config' is not defined
2025-11-14 00:49:41,386 [ERROR] ==============BLUE WARRIORS============: Error initializing RAG chain: name 'config' is not defined
2025-11-14 00:49:49,588 [INFO] sqlalchemy.engine.Engine: BEGIN (implicit)
2025-11-14 00:49:49,588 [INFO] sqlalchemy.engine.Engine: PRAGMA main.table_info("user")
2025-11-14 00:49:49,588 [INFO] sqlalchemy.engine.Engine: [raw sql] ()
2025-11-14 00:49:49,589 [INFO] sqlalchemy.engine.Engine: PRAGMA main.table_info("patient")
2025-11-14 00:49:49,589 [INFO] sqlalchemy.engine.Engine: [raw sql] ()
2025-11-14 00:49:49,590 [INFO] sqlalchemy.engine.Engine: COMMIT
2025-11-14 00:49:49,601 [INFO] ==============BLUE WARRIORS============: initilisation de rag
2025-11-14 00:49:49,602 [INFO] =========== PIPELINE RAG FINALE ===============: Configuration lue avec succès depuis config.ini.
2025-11-14 00:49:49,602 [INFO] =========== PIPELINE RAG FINALE ===============: Les environnements sont chargés avec succès
2025-11-14 00:49:51,485 [INFO] ==============BLUE WARRIORS============: RAG chain initialized successfully.
2025-11-14 00:49:54,232 [INFO] sqlalchemy.engine.Engine: BEGIN (implicit)
2025-11-14 00:49:54,232 [INFO] sqlalchemy.engine.Engine: PRAGMA main.table_info("user")
2025-11-14 00:49:54,233 [INFO] sqlalchemy.engine.Engine: [raw sql] ()
2025-11-14 00:49:54,234 [INFO] sqlalchemy.engine.Engine: PRAGMA main.table_info("patient")
2025-11-14 00:49:54,234 [INFO] sqlalchemy.engine.Engine: [raw sql] ()
2025-11-14 00:49:54,234 [INFO] sqlalchemy.engine.Engine: COMMIT
2025-11-14 00:49:54,246 [INFO] ==============BLUE WARRIORS============: initilisation de rag
2025-11-14 00:49:54,246 [INFO] =========== PIPELINE RAG FINALE ===============: Configuration lue avec succès depuis config.ini.
2025-11-14 00:49:54,247 [INFO] =========== PIPELINE RAG FINALE ===============: Les environnements sont chargés avec succès
2025-11-14 00:49:58,426 [INFO] ==============BLUE WARRIORS============: RAG chain initialized successfully.
2025-11-14 00:50:16,742 [INFO] sqlalchemy.engine.Engine: BEGIN (implicit)
2025-11-14 00:50:16,742 [INFO] sqlalchemy.engine.Engine: PRAGMA main.table_info("user")
2025-11-14 00:50:16,743 [INFO] sqlalchemy.engine.Engine: [raw sql] ()
2025-11-14 00:50:16,743 [INFO] sqlalchemy.engine.Engine: PRAGMA main.table_info("patient")
2025-11-14 00:50:16,744 [INFO] sqlalchemy.engine.Engine: [raw sql] ()
2025-11-14 00:50:16,744 [INFO] sqlalchemy.engine.Engine: COMMIT
2025-11-14 00:50:16,758 [INFO] ==============BLUE WARRIORS============: initilisation de rag
2025-11-14 00:50:16,758 [INFO] =========== PIPELINE RAG FINALE ===============: Configuration lue avec succès depuis config.ini.
2025-11-14 00:50:16,759 [INFO] =========== PIPELINE RAG FINALE ===============: Les environnements sont chargés avec succès
2025-11-14 00:50:20,567 [INFO] ==============BLUE WARRIORS============: RAG chain initialized successfully.
2025-11-14 00:50:33,342 [INFO] =========== PIPELINE RAG FINALE ===============: Configuration lue avec succès depuis config.ini.
2025-11-14 00:50:33,343 [INFO] =========== PIPELINE RAG FINALE ===============: Les environnements sont chargés avec succès
2025-11-14 00:50:34,058 [INFO] ==============BLUE WARRIORS============: RAG chain initialized successfully.
2025-11-14 00:50:34,059 [ERROR] ==============BLUE WARRIORS============: RAG chain is not initialized.
2025-11-14 00:51:55,484 [INFO] sqlalchemy.engine.Engine: BEGIN (implicit)
2025-11-14 00:51:55,484 [INFO] sqlalchemy.engine.Engine: PRAGMA main.table_info("user")
2025-11-14 00:51:55,485 [INFO] sqlalchemy.engine.Engine: [raw sql] ()
2025-11-14 00:51:55,485 [INFO] sqlalchemy.engine.Engine: PRAGMA main.table_info("patient")
2025-11-14 00:51:55,485 [INFO] sqlalchemy.engine.Engine: [raw sql] ()
2025-11-14 00:51:55,486 [INFO] sqlalchemy.engine.Engine: COMMIT
2025-11-14 00:51:55,496 [INFO] ==============BLUE WARRIORS============: initilisation de rag
2025-11-14 00:51:55,496 [INFO] =========== PIPELINE RAG FINALE ===============: Configuration lue avec succès depuis config.ini.
2025-11-14 00:51:55,496 [INFO] =========== PIPELINE RAG FINALE ===============: Les environnements sont chargés avec succès
2025-11-14 00:51:57,361 [ERROR] ==============BLUE WARRIORS============: Error initializing RAG chain: name 'EnsembleRetriever' is not defined
2025-11-14 00:52:00,230 [INFO] sqlalchemy.engine.Engine: BEGIN (implicit)
2025-11-14 00:52:00,230 [INFO] sqlalchemy.engine.Engine: PRAGMA main.table_info("user")
2025-11-14 00:52:00,231 [INFO] sqlalchemy.engine.Engine: [raw sql] ()
2025-11-14 00:52:00,231 [INFO] sqlalchemy.engine.Engine: PRAGMA main.table_info("patient")
2025-11-14 00:52:00,231 [INFO] sqlalchemy.engine.Engine: [raw sql] ()
2025-11-14 00:52:00,232 [INFO] sqlalchemy.engine.Engine: COMMIT
2025-11-14 00:52:00,243 [INFO] ==============BLUE WARRIORS============: initilisation de rag
2025-11-14 00:52:00,243 [INFO] =========== PIPELINE RAG FINALE ===============: Configuration lue avec succès depuis config.ini.
2025-11-14 00:52:00,244 [INFO] =========== PIPELINE RAG FINALE ===============: Les environnements sont chargés avec succès
2025-11-14 00:52:01,912 [INFO] ==============BLUE WARRIORS============: RAG chain initialized successfully.
2025-11-14 00:53:16,182 [INFO] =========== PIPELINE RAG FINALE ===============: Configuration lue avec succès depuis config.ini.
2025-11-14 00:53:16,182 [INFO] =========== PIPELINE RAG FINALE ===============: Les environnements sont chargés avec succès
2025-11-14 00:53:17,769 [INFO] ==============BLUE WARRIORS============: RAG chain initialized successfully.
2025-11-14 00:53:17,769 [ERROR] ==============BLUE WARRIORS============: RAG chain is not initialized.
2025-11-14 00:56:19,134 [INFO] sqlalchemy.engine.Engine: BEGIN (implicit)
2025-11-14 00:56:19,135 [INFO] sqlalchemy.engine.Engine: PRAGMA main.table_info("user")
2025-11-14 00:56:19,135 [INFO] sqlalchemy.engine.Engine: [raw sql] ()
2025-11-14 00:56:19,136 [INFO] sqlalchemy.engine.Engine: PRAGMA main.table_info("patient")
2025-11-14 00:56:19,136 [INFO] sqlalchemy.engine.Engine: [raw sql] ()
2025-11-14 00:56:19,137 [INFO] sqlalchemy.engine.Engine: COMMIT
2025-11-14 00:56:19,152 [INFO] ==============BLUE WARRIORS============: initilisation de rag
2025-11-14 00:56:19,152 [INFO] =========== PIPELINE RAG FINALE ===============: Configuration lue avec succès depuis config.ini.
2025-11-14 00:56:19,153 [INFO] =========== PIPELINE RAG FINALE ===============: Les environnements sont chargés avec succès
2025-11-14 00:56:20,935 [INFO] ==============BLUE WARRIORS============: RAG chain initialized successfully.
2025-11-14 00:56:33,585 [INFO] httpx: HTTP Request: POST https://api.groq.com/openai/v1/chat/completions "HTTP/1.1 200 OK"
2025-11-14 01:16:12,328 [INFO] sqlalchemy.engine.Engine: BEGIN (implicit)
2025-11-14 01:16:12,329 [INFO] sqlalchemy.engine.Engine: PRAGMA main.table_info("user")
2025-11-14 01:16:12,329 [INFO] sqlalchemy.engine.Engine: [raw sql] ()
2025-11-14 01:16:12,330 [INFO] sqlalchemy.engine.Engine: PRAGMA main.table_info("patient")
2025-11-14 01:16:12,330 [INFO] sqlalchemy.engine.Engine: [raw sql] ()
2025-11-14 01:16:12,331 [INFO] sqlalchemy.engine.Engine: COMMIT
2025-11-14 01:16:12,353 [INFO] ==============BLUE WARRIORS============: initilisation de rag
2025-11-14 01:16:12,354 [CRITICAL] =========== PIPELINE RAG FINALE ===============: Erreur lors de la lecture du fichier de configuration: Le fichier config.ini n'a pas pu être lu ou est vide.
2025-11-14 01:16:12,355 [ERROR] ==============BLUE WARRIORS============: Error initializing RAG chain: Le fichier config.ini n'a pas pu être lu ou est vide.
2025-11-14 01:16:15,738 [INFO] sqlalchemy.engine.Engine: BEGIN (implicit)
2025-11-14 01:16:15,738 [INFO] sqlalchemy.engine.Engine: PRAGMA main.table_info("user")
2025-11-14 01:16:15,738 [INFO] sqlalchemy.engine.Engine: [raw sql] ()
2025-11-14 01:16:15,739 [INFO] sqlalchemy.engine.Engine: PRAGMA main.table_info("patient")
2025-11-14 01:16:15,739 [INFO] sqlalchemy.engine.Engine: [raw sql] ()
2025-11-14 01:16:15,739 [INFO] sqlalchemy.engine.Engine: COMMIT
2025-11-14 01:16:15,750 [INFO] ==============BLUE WARRIORS============: initilisation de rag
2025-11-14 01:16:15,750 [CRITICAL] =========== PIPELINE RAG FINALE ===============: Erreur lors de la lecture du fichier de configuration: Le fichier config.ini n'a pas pu être lu ou est vide.
2025-11-14 01:16:15,750 [ERROR] ==============BLUE WARRIORS============: Error initializing RAG chain: Le fichier config.ini n'a pas pu être lu ou est vide.
2025-11-14 01:16:18,564 [INFO] sqlalchemy.engine.Engine: BEGIN (implicit)
2025-11-14 01:16:18,565 [INFO] sqlalchemy.engine.Engine: PRAGMA main.table_info("user")
2025-11-14 01:16:18,565 [INFO] sqlalchemy.engine.Engine: [raw sql] ()
2025-11-14 01:16:18,566 [INFO] sqlalchemy.engine.Engine: PRAGMA main.table_info("patient")
2025-11-14 01:16:18,567 [INFO] sqlalchemy.engine.Engine: [raw sql] ()
2025-11-14 01:16:18,567 [INFO] sqlalchemy.engine.Engine: COMMIT
2025-11-14 01:16:18,582 [INFO] ==============BLUE WARRIORS============: initilisation de rag
2025-11-14 01:16:18,583 [CRITICAL] =========== PIPELINE RAG FINALE ===============: Erreur lors de la lecture du fichier de configuration: Le fichier config.ini n'a pas pu être lu ou est vide.
2025-11-14 01:16:18,583 [ERROR] ==============BLUE WARRIORS============: Error initializing RAG chain: Le fichier config.ini n'a pas pu être lu ou est vide.
2025-11-14 01:16:21,307 [INFO] sqlalchemy.engine.Engine: BEGIN (implicit)
2025-11-14 01:16:21,307 [INFO] sqlalchemy.engine.Engine: PRAGMA main.table_info("user")
2025-11-14 01:16:21,308 [INFO] sqlalchemy.engine.Engine: [raw sql] ()
2025-11-14 01:16:21,308 [INFO] sqlalchemy.engine.Engine: PRAGMA main.table_info("patient")
2025-11-14 01:16:21,309 [INFO] sqlalchemy.engine.Engine: [raw sql] ()
2025-11-14 01:16:21,309 [INFO] sqlalchemy.engine.Engine: COMMIT
2025-11-14 01:16:21,324 [INFO] ==============BLUE WARRIORS============: initilisation de rag
2025-11-14 01:16:21,325 [CRITICAL] =========== PIPELINE RAG FINALE ===============: Erreur lors de la lecture du fichier de configuration: Le fichier config.ini n'a pas pu être lu ou est vide.
2025-11-14 01:16:21,325 [ERROR] ==============BLUE WARRIORS============: Error initializing RAG chain: Le fichier config.ini n'a pas pu être lu ou est vide.
2025-11-14 01:16:23,849 [INFO] sqlalchemy.engine.Engine: BEGIN (implicit)
2025-11-14 01:16:23,849 [INFO] sqlalchemy.engine.Engine: PRAGMA main.table_info("user")
2025-11-14 01:16:23,850 [INFO] sqlalchemy.engine.Engine: [raw sql] ()
2025-11-14 01:16:23,850 [INFO] sqlalchemy.engine.Engine: PRAGMA main.table_info("patient")
2025-11-14 01:16:23,850 [INFO] sqlalchemy.engine.Engine: [raw sql] ()
2025-11-14 01:16:23,851 [INFO] sqlalchemy.engine.Engine: COMMIT
2025-11-14 01:16:23,861 [INFO] ==============BLUE WARRIORS============: initilisation de rag
2025-11-14 01:16:23,862 [CRITICAL] =========== PIPELINE RAG FINALE ===============: Erreur lors de la lecture du fichier de configuration: Le fichier config.ini n'a pas pu être lu ou est vide.
2025-11-14 01:16:23,862 [ERROR] ==============BLUE WARRIORS============: Error initializing RAG chain: Le fichier config.ini n'a pas pu être lu ou est vide.
2025-11-14 02:00:30,820 [INFO] sqlalchemy.engine.Engine: BEGIN (implicit)
2025-11-14 02:00:30,821 [INFO] sqlalchemy.engine.Engine: PRAGMA main.table_info("user")
2025-11-14 02:00:30,821 [INFO] sqlalchemy.engine.Engine: [raw sql] ()
2025-11-14 02:00:30,822 [INFO] sqlalchemy.engine.Engine: PRAGMA main.table_info("patient")
2025-11-14 02:00:30,822 [INFO] sqlalchemy.engine.Engine: [raw sql] ()
2025-11-14 02:00:30,822 [INFO] sqlalchemy.engine.Engine: COMMIT
2025-11-14 02:00:30,833 [INFO] ==============BLUE WARRIORS============: initilisation de rag
2025-11-14 02:00:30,834 [CRITICAL] =========== PIPELINE RAG FINALE ===============: Erreur lors de la lecture du fichier de configuration: Le fichier config.ini n'a pas pu être lu ou est vide.
2025-11-14 02:00:30,834 [ERROR] ==============BLUE WARRIORS============: Error initializing RAG chain: Le fichier config.ini n'a pas pu être lu ou est vide.
2025-11-14 02:00:37,758 [INFO] sqlalchemy.engine.Engine: BEGIN (implicit)
2025-11-14 02:00:37,758 [INFO] sqlalchemy.engine.Engine: PRAGMA main.table_info("user")
2025-11-14 02:00:37,759 [INFO] sqlalchemy.engine.Engine: [raw sql] ()
2025-11-14 02:00:37,760 [INFO] sqlalchemy.engine.Engine: PRAGMA main.table_info("patient")
2025-11-14 02:00:37,760 [INFO] sqlalchemy.engine.Engine: [raw sql] ()
2025-11-14 02:00:37,760 [INFO] sqlalchemy.engine.Engine: COMMIT
2025-11-14 02:00:37,771 [INFO] ==============BLUE WARRIORS============: initilisation de rag
2025-11-14 02:00:37,772 [CRITICAL] =========== PIPELINE RAG FINALE ===============: Erreur lors de la lecture du fichier de configuration: Le fichier config.ini n'a pas pu être lu ou est vide.
2025-11-14 02:00:37,772 [ERROR] ==============BLUE WARRIORS============: Error initializing RAG chain: Le fichier config.ini n'a pas pu être lu ou est vide.
2025-11-14 02:00:40,548 [INFO] sqlalchemy.engine.Engine: BEGIN (implicit)
2025-11-14 02:00:40,548 [INFO] sqlalchemy.engine.Engine: PRAGMA main.table_info("user")
2025-11-14 02:00:40,548 [INFO] sqlalchemy.engine.Engine: [raw sql] ()
2025-11-14 02:00:40,549 [INFO] sqlalchemy.engine.Engine: PRAGMA main.table_info("patient")
2025-11-14 02:00:40,549 [INFO] sqlalchemy.engine.Engine: [raw sql] ()
2025-11-14 02:00:40,550 [INFO] sqlalchemy.engine.Engine: COMMIT
2025-11-14 02:00:40,561 [INFO] ==============BLUE WARRIORS============: initilisation de rag
2025-11-14 02:00:40,561 [CRITICAL] =========== PIPELINE RAG FINALE ===============: Erreur lors de la lecture du fichier de configuration: Le fichier config.ini n'a pas pu être lu ou est vide.
2025-11-14 02:00:40,562 [ERROR] ==============BLUE WARRIORS============: Error initializing RAG chain: Le fichier config.ini n'a pas pu être lu ou est vide.
2025-11-14 02:00:43,166 [INFO] sqlalchemy.engine.Engine: BEGIN (implicit)
2025-11-14 02:00:43,166 [INFO] sqlalchemy.engine.Engine: PRAGMA main.table_info("user")
2025-11-14 02:00:43,166 [INFO] sqlalchemy.engine.Engine: [raw sql] ()
2025-11-14 02:00:43,167 [INFO] sqlalchemy.engine.Engine: PRAGMA main.table_info("patient")
2025-11-14 02:00:43,167 [INFO] sqlalchemy.engine.Engine: [raw sql] ()
2025-11-14 02:00:43,167 [INFO] sqlalchemy.engine.Engine: COMMIT
2025-11-14 02:00:43,180 [INFO] ==============BLUE WARRIORS============: initilisation de rag
2025-11-14 02:00:43,180 [CRITICAL] =========== PIPELINE RAG FINALE ===============: Erreur lors de la lecture du fichier de configuration: Le fichier config.ini n'a pas pu être lu ou est vide.
2025-11-14 02:00:43,180 [ERROR] ==============BLUE WARRIORS============: Error initializing RAG chain: Le fichier config.ini n'a pas pu être lu ou est vide.
2025-11-14 02:00:58,119 [INFO] sqlalchemy.engine.Engine: BEGIN (implicit)
2025-11-14 02:00:58,119 [INFO] sqlalchemy.engine.Engine: PRAGMA main.table_info("user")
2025-11-14 02:00:58,120 [INFO] sqlalchemy.engine.Engine: [raw sql] ()
2025-11-14 02:00:58,121 [INFO] sqlalchemy.engine.Engine: PRAGMA main.table_info("patient")
2025-11-14 02:00:58,121 [INFO] sqlalchemy.engine.Engine: [raw sql] ()
2025-11-14 02:00:58,122 [INFO] sqlalchemy.engine.Engine: COMMIT
2025-11-14 02:00:58,133 [INFO] ==============BLUE WARRIORS============: initilisation de rag
2025-11-14 02:00:58,133 [CRITICAL] =========== PIPELINE RAG FINALE ===============: Erreur lors de la lecture du fichier de configuration: Le fichier config.ini n'a pas pu être lu ou est vide.
2025-11-14 02:00:58,134 [ERROR] ==============BLUE WARRIORS============: Error initializing RAG chain: Le fichier config.ini n'a pas pu être lu ou est vide.
2025-11-14 02:01:04,862 [INFO] sqlalchemy.engine.Engine: BEGIN (implicit)
2025-11-14 02:01:04,862 [INFO] sqlalchemy.engine.Engine: PRAGMA main.table_info("user")
2025-11-14 02:01:04,863 [INFO] sqlalchemy.engine.Engine: [raw sql] ()
2025-11-14 02:01:04,864 [INFO] sqlalchemy.engine.Engine: PRAGMA main.table_info("patient")
2025-11-14 02:01:04,864 [INFO] sqlalchemy.engine.Engine: [raw sql] ()
2025-11-14 02:01:04,864 [INFO] sqlalchemy.engine.Engine: COMMIT
2025-11-14 02:01:04,882 [INFO] ==============BLUE WARRIORS============: initilisation de rag
2025-11-14 02:01:04,882 [CRITICAL] =========== PIPELINE RAG FINALE ===============: Erreur lors de la lecture du fichier de configuration: Le fichier config.ini n'a pas pu être lu ou est vide.
2025-11-14 02:01:04,883 [ERROR] ==============BLUE WARRIORS============: Error initializing RAG chain: Le fichier config.ini n'a pas pu être lu ou est vide.
2025-11-14 02:01:08,216 [INFO] sqlalchemy.engine.Engine: BEGIN (implicit)
2025-11-14 02:01:08,217 [INFO] sqlalchemy.engine.Engine: PRAGMA main.table_info("user")
2025-11-14 02:01:08,217 [INFO] sqlalchemy.engine.Engine: [raw sql] ()
2025-11-14 02:01:08,218 [INFO] sqlalchemy.engine.Engine: PRAGMA main.table_info("patient")
2025-11-14 02:01:08,218 [INFO] sqlalchemy.engine.Engine: [raw sql] ()
2025-11-14 02:01:08,218 [INFO] sqlalchemy.engine.Engine: COMMIT
2025-11-14 02:01:08,231 [INFO] ==============BLUE WARRIORS============: initilisation de rag
2025-11-14 02:01:08,232 [CRITICAL] =========== PIPELINE RAG FINALE ===============: Erreur lors de la lecture du fichier de configuration: Le fichier config.ini n'a pas pu être lu ou est vide.
2025-11-14 02:01:08,232 [ERROR] ==============BLUE WARRIORS============: Error initializing RAG chain: Le fichier config.ini n'a pas pu être lu ou est vide.
2025-11-14 02:01:14,751 [INFO] sqlalchemy.engine.Engine: BEGIN (implicit)
2025-11-14 02:01:14,751 [INFO] sqlalchemy.engine.Engine: PRAGMA main.table_info("user")
2025-11-14 02:01:14,752 [INFO] sqlalchemy.engine.Engine: [raw sql] ()
2025-11-14 02:01:14,753 [INFO] sqlalchemy.engine.Engine: PRAGMA main.table_info("patient")
2025-11-14 02:01:14,753 [INFO] sqlalchemy.engine.Engine: [raw sql] ()
2025-11-14 02:01:14,754 [INFO] sqlalchemy.engine.Engine: COMMIT
2025-11-14 02:01:14,766 [INFO] ==============BLUE WARRIORS============: initilisation de rag
2025-11-14 02:01:14,767 [CRITICAL] =========== PIPELINE RAG FINALE ===============: Erreur lors de la lecture du fichier de configuration: Le fichier config.ini n'a pas pu être lu ou est vide.
2025-11-14 02:01:14,767 [ERROR] ==============BLUE WARRIORS============: Error initializing RAG chain: Le fichier config.ini n'a pas pu être lu ou est vide.
2025-11-14 02:01:18,304 [INFO] sqlalchemy.engine.Engine: BEGIN (implicit)
2025-11-14 02:01:18,305 [INFO] sqlalchemy.engine.Engine: PRAGMA main.table_info("user")
2025-11-14 02:01:18,305 [INFO] sqlalchemy.engine.Engine: [raw sql] ()
2025-11-14 02:01:18,306 [INFO] sqlalchemy.engine.Engine: PRAGMA main.table_info("patient")
2025-11-14 02:01:18,306 [INFO] sqlalchemy.engine.Engine: [raw sql] ()
2025-11-14 02:01:18,307 [INFO] sqlalchemy.engine.Engine: COMMIT
2025-11-14 02:01:18,325 [INFO] ==============BLUE WARRIORS============: initilisation de rag
2025-11-14 02:01:18,325 [CRITICAL] =========== PIPELINE RAG FINALE ===============: Erreur lors de la lecture du fichier de configuration: Le fichier config.ini n'a pas pu être lu ou est vide.
2025-11-14 02:01:18,326 [ERROR] ==============BLUE WARRIORS============: Error initializing RAG chain: Le fichier config.ini n'a pas pu être lu ou est vide.
2025-11-14 02:01:21,531 [INFO] sqlalchemy.engine.Engine: BEGIN (implicit)
2025-11-14 02:01:21,532 [INFO] sqlalchemy.engine.Engine: PRAGMA main.table_info("user")
2025-11-14 02:01:21,532 [INFO] sqlalchemy.engine.Engine: [raw sql] ()
2025-11-14 02:01:21,533 [INFO] sqlalchemy.engine.Engine: PRAGMA main.table_info("patient")
2025-11-14 02:01:21,533 [INFO] sqlalchemy.engine.Engine: [raw sql] ()
2025-11-14 02:01:21,534 [INFO] sqlalchemy.engine.Engine: COMMIT
2025-11-14 02:01:21,551 [INFO] ==============BLUE WARRIORS============: initilisation de rag
2025-11-14 02:01:21,552 [CRITICAL] =========== PIPELINE RAG FINALE ===============: Erreur lors de la lecture du fichier de configuration: Le fichier config.ini n'a pas pu être lu ou est vide.
2025-11-14 02:01:21,552 [ERROR] ==============BLUE WARRIORS============: Error initializing RAG chain: Le fichier config.ini n'a pas pu être lu ou est vide.
2025-11-14 02:01:24,473 [INFO] sqlalchemy.engine.Engine: BEGIN (implicit)
2025-11-14 02:01:24,474 [INFO] sqlalchemy.engine.Engine: PRAGMA main.table_info("user")
2025-11-14 02:01:24,475 [INFO] sqlalchemy.engine.Engine: [raw sql] ()
2025-11-14 02:01:24,476 [INFO] sqlalchemy.engine.Engine: PRAGMA main.table_info("patient")
2025-11-14 02:01:24,476 [INFO] sqlalchemy.engine.Engine: [raw sql] ()
2025-11-14 02:01:24,478 [INFO] sqlalchemy.engine.Engine: COMMIT
2025-11-14 02:01:24,503 [INFO] ==============BLUE WARRIORS============: initilisation de rag
2025-11-14 02:01:24,504 [CRITICAL] =========== PIPELINE RAG FINALE ===============: Erreur lors de la lecture du fichier de configuration: Le fichier config.ini n'a pas pu être lu ou est vide.
2025-11-14 02:01:24,505 [ERROR] ==============BLUE WARRIORS============: Error initializing RAG chain: Le fichier config.ini n'a pas pu être lu ou est vide.
2025-11-14 02:01:28,241 [INFO] sqlalchemy.engine.Engine: BEGIN (implicit)
2025-11-14 02:01:28,242 [INFO] sqlalchemy.engine.Engine: PRAGMA main.table_info("user")
2025-11-14 02:01:28,242 [INFO] sqlalchemy.engine.Engine: [raw sql] ()
2025-11-14 02:01:28,243 [INFO] sqlalchemy.engine.Engine: PRAGMA main.table_info("patient")
2025-11-14 02:01:28,243 [INFO] sqlalchemy.engine.Engine: [raw sql] ()
2025-11-14 02:01:28,243 [INFO] sqlalchemy.engine.Engine: COMMIT
2025-11-14 02:01:28,255 [INFO] ==============BLUE WARRIORS============: initilisation de rag
2025-11-14 02:01:28,256 [CRITICAL] =========== PIPELINE RAG FINALE ===============: Erreur lors de la lecture du fichier de configuration: Le fichier config.ini n'a pas pu être lu ou est vide.
2025-11-14 02:01:28,256 [ERROR] ==============BLUE WARRIORS============: Error initializing RAG chain: Le fichier config.ini n'a pas pu être lu ou est vide.
2025-11-14 02:01:31,599 [INFO] sqlalchemy.engine.Engine: BEGIN (implicit)
2025-11-14 02:01:31,599 [INFO] sqlalchemy.engine.Engine: PRAGMA main.table_info("user")
2025-11-14 02:01:31,599 [INFO] sqlalchemy.engine.Engine: [raw sql] ()
2025-11-14 02:01:31,600 [INFO] sqlalchemy.engine.Engine: PRAGMA main.table_info("patient")
2025-11-14 02:01:31,600 [INFO] sqlalchemy.engine.Engine: [raw sql] ()
2025-11-14 02:01:31,601 [INFO] sqlalchemy.engine.Engine: COMMIT
2025-11-14 02:01:31,611 [INFO] ==============BLUE WARRIORS============: initilisation de rag
2025-11-14 02:01:31,612 [CRITICAL] =========== PIPELINE RAG FINALE ===============: Erreur lors de la lecture du fichier de configuration: Le fichier config.ini n'a pas pu être lu ou est vide.
2025-11-14 02:01:31,612 [ERROR] ==============BLUE WARRIORS============: Error initializing RAG chain: Le fichier config.ini n'a pas pu être lu ou est vide.
2025-11-14 02:01:34,459 [INFO] sqlalchemy.engine.Engine: BEGIN (implicit)
2025-11-14 02:01:34,459 [INFO] sqlalchemy.engine.Engine: PRAGMA main.table_info("user")
2025-11-14 02:01:34,459 [INFO] sqlalchemy.engine.Engine: [raw sql] ()
2025-11-14 02:01:34,460 [INFO] sqlalchemy.engine.Engine: PRAGMA main.table_info("patient")
2025-11-14 02:01:34,460 [INFO] sqlalchemy.engine.Engine: [raw sql] ()
2025-11-14 02:01:34,461 [INFO] sqlalchemy.engine.Engine: COMMIT
2025-11-14 02:01:34,478 [INFO] ==============BLUE WARRIORS============: initilisation de rag
2025-11-14 02:01:34,479 [CRITICAL] =========== PIPELINE RAG FINALE ===============: Erreur lors de la lecture du fichier de configuration: Le fichier config.ini n'a pas pu être lu ou est vide.
2025-11-14 02:01:34,479 [ERROR] ==============BLUE WARRIORS============: Error initializing RAG chain: Le fichier config.ini n'a pas pu être lu ou est vide.
2025-11-14 02:01:39,371 [INFO] sqlalchemy.engine.Engine: BEGIN (implicit)
2025-11-14 02:01:39,371 [INFO] sqlalchemy.engine.Engine: PRAGMA main.table_info("user")
2025-11-14 02:01:39,372 [INFO] sqlalchemy.engine.Engine: [raw sql] ()
2025-11-14 02:01:39,373 [INFO] sqlalchemy.engine.Engine: PRAGMA main.table_info("patient")
2025-11-14 02:01:39,374 [INFO] sqlalchemy.engine.Engine: [raw sql] ()
2025-11-14 02:01:39,375 [INFO] sqlalchemy.engine.Engine: COMMIT
2025-11-14 02:01:39,395 [INFO] ==============BLUE WARRIORS============: initilisation de rag
2025-11-14 02:01:39,396 [CRITICAL] =========== PIPELINE RAG FINALE ===============: Erreur lors de la lecture du fichier de configuration: Le fichier config.ini n'a pas pu être lu ou est vide.
2025-11-14 02:01:39,396 [ERROR] ==============BLUE WARRIORS============: Error initializing RAG chain: Le fichier config.ini n'a pas pu être lu ou est vide.
2025-11-14 02:01:42,659 [INFO] sqlalchemy.engine.Engine: BEGIN (implicit)
2025-11-14 02:01:42,660 [INFO] sqlalchemy.engine.Engine: PRAGMA main.table_info("user")
2025-11-14 02:01:42,660 [INFO] sqlalchemy.engine.Engine: [raw sql] ()
2025-11-14 02:01:42,661 [INFO] sqlalchemy.engine.Engine: PRAGMA main.table_info("patient")
2025-11-14 02:01:42,662 [INFO] sqlalchemy.engine.Engine: [raw sql] ()
2025-11-14 02:01:42,662 [INFO] sqlalchemy.engine.Engine: COMMIT
2025-11-14 02:01:42,673 [INFO] ==============BLUE WARRIORS============: initilisation de rag
2025-11-14 02:01:42,674 [CRITICAL] =========== PIPELINE RAG FINALE ===============: Erreur lors de la lecture du fichier de configuration: Le fichier config.ini n'a pas pu être lu ou est vide.
2025-11-14 02:01:42,674 [ERROR] ==============BLUE WARRIORS============: Error initializing RAG chain: Le fichier config.ini n'a pas pu être lu ou est vide.
2025-11-14 02:01:45,275 [INFO] sqlalchemy.engine.Engine: BEGIN (implicit)
2025-11-14 02:01:45,275 [INFO] sqlalchemy.engine.Engine: PRAGMA main.table_info("user")
2025-11-14 02:01:45,276 [INFO] sqlalchemy.engine.Engine: [raw sql] ()
2025-11-14 02:01:45,276 [INFO] sqlalchemy.engine.Engine: PRAGMA main.table_info("patient")
2025-11-14 02:01:45,276 [INFO] sqlalchemy.engine.Engine: [raw sql] ()
2025-11-14 02:01:45,277 [INFO] sqlalchemy.engine.Engine: COMMIT
2025-11-14 02:01:45,289 [INFO] ==============BLUE WARRIORS============: initilisation de rag
2025-11-14 02:01:45,289 [CRITICAL] =========== PIPELINE RAG FINALE ===============: Erreur lors de la lecture du fichier de configuration: Le fichier config.ini n'a pas pu être lu ou est vide.
2025-11-14 02:01:45,289 [ERROR] ==============BLUE WARRIORS============: Error initializing RAG chain: Le fichier config.ini n'a pas pu être lu ou est vide.
2025-11-14 02:02:00,019 [INFO] sqlalchemy.engine.Engine: BEGIN (implicit)
2025-11-14 02:02:00,019 [INFO] sqlalchemy.engine.Engine: PRAGMA main.table_info("user")
2025-11-14 02:02:00,020 [INFO] sqlalchemy.engine.Engine: [raw sql] ()
2025-11-14 02:02:00,021 [INFO] sqlalchemy.engine.Engine: PRAGMA main.table_info("patient")
2025-11-14 02:02:00,021 [INFO] sqlalchemy.engine.Engine: [raw sql] ()
2025-11-14 02:02:00,021 [INFO] sqlalchemy.engine.Engine: COMMIT
2025-11-14 02:02:00,040 [INFO] ==============BLUE WARRIORS============: initilisation de rag
2025-11-14 02:02:00,041 [CRITICAL] =========== PIPELINE RAG FINALE ===============: Erreur lors de la lecture du fichier de configuration: Le fichier config.ini n'a pas pu être lu ou est vide.
2025-11-14 02:02:00,041 [ERROR] ==============BLUE WARRIORS============: Error initializing RAG chain: Le fichier config.ini n'a pas pu être lu ou est vide.
2025-11-14 02:02:03,827 [INFO] sqlalchemy.engine.Engine: BEGIN (implicit)
2025-11-14 02:02:03,827 [INFO] sqlalchemy.engine.Engine: PRAGMA main.table_info("user")
2025-11-14 02:02:03,828 [INFO] sqlalchemy.engine.Engine: [raw sql] ()
2025-11-14 02:02:03,828 [INFO] sqlalchemy.engine.Engine: PRAGMA main.table_info("patient")
2025-11-14 02:02:03,829 [INFO] sqlalchemy.engine.Engine: [raw sql] ()
2025-11-14 02:02:03,829 [INFO] sqlalchemy.engine.Engine: COMMIT
2025-11-14 02:02:03,840 [INFO] ==============BLUE WARRIORS============: initilisation de rag
2025-11-14 02:02:03,841 [CRITICAL] =========== PIPELINE RAG FINALE ===============: Erreur lors de la lecture du fichier de configuration: Le fichier config.ini n'a pas pu être lu ou est vide.
2025-11-14 02:02:03,841 [ERROR] ==============BLUE WARRIORS============: Error initializing RAG chain: Le fichier config.ini n'a pas pu être lu ou est vide.
2025-11-14 02:02:06,501 [INFO] sqlalchemy.engine.Engine: BEGIN (implicit)
2025-11-14 02:02:06,502 [INFO] sqlalchemy.engine.Engine: PRAGMA main.table_info("user")
2025-11-14 02:02:06,502 [INFO] sqlalchemy.engine.Engine: [raw sql] ()
2025-11-14 02:02:06,503 [INFO] sqlalchemy.engine.Engine: PRAGMA main.table_info("patient")
2025-11-14 02:02:06,503 [INFO] sqlalchemy.engine.Engine: [raw sql] ()
2025-11-14 02:02:06,503 [INFO] sqlalchemy.engine.Engine: COMMIT
2025-11-14 02:02:06,517 [INFO] ==============BLUE WARRIORS============: initilisation de rag
2025-11-14 02:02:06,517 [CRITICAL] =========== PIPELINE RAG FINALE ===============: Erreur lors de la lecture du fichier de configuration: Le fichier config.ini n'a pas pu être lu ou est vide.
2025-11-14 02:02:06,518 [ERROR] ==============BLUE WARRIORS============: Error initializing RAG chain: Le fichier config.ini n'a pas pu être lu ou est vide.
2025-11-14 02:02:11,089 [INFO] sqlalchemy.engine.Engine: BEGIN (implicit)
2025-11-14 02:02:11,090 [INFO] sqlalchemy.engine.Engine: PRAGMA main.table_info("user")
2025-11-14 02:02:11,090 [INFO] sqlalchemy.engine.Engine: [raw sql] ()
2025-11-14 02:02:11,091 [INFO] sqlalchemy.engine.Engine: PRAGMA main.table_info("patient")
2025-11-14 02:02:11,091 [INFO] sqlalchemy.engine.Engine: [raw sql] ()
2025-11-14 02:02:11,092 [INFO] sqlalchemy.engine.Engine: COMMIT
2025-11-14 02:02:11,105 [INFO] ==============BLUE WARRIORS============: initilisation de rag
2025-11-14 02:02:11,106 [CRITICAL] =========== PIPELINE RAG FINALE ===============: Erreur lors de la lecture du fichier de configuration: Le fichier config.ini n'a pas pu être lu ou est vide.
2025-11-14 02:02:11,106 [ERROR] ==============BLUE WARRIORS============: Error initializing RAG chain: Le fichier config.ini n'a pas pu être lu ou est vide.
2025-11-14 02:02:13,780 [INFO] sqlalchemy.engine.Engine: BEGIN (implicit)
2025-11-14 02:02:13,780 [INFO] sqlalchemy.engine.Engine: PRAGMA main.table_info("user")
2025-11-14 02:02:13,780 [INFO] sqlalchemy.engine.Engine: [raw sql] ()
2025-11-14 02:02:13,781 [INFO] sqlalchemy.engine.Engine: PRAGMA main.table_info("patient")
2025-11-14 02:02:13,781 [INFO] sqlalchemy.engine.Engine: [raw sql] ()
2025-11-14 02:02:13,782 [INFO] sqlalchemy.engine.Engine: COMMIT
2025-11-14 02:02:13,794 [INFO] ==============BLUE WARRIORS============: initilisation de rag
2025-11-14 02:02:13,795 [CRITICAL] =========== PIPELINE RAG FINALE ===============: Erreur lors de la lecture du fichier de configuration: Le fichier config.ini n'a pas pu être lu ou est vide.
2025-11-14 02:02:13,795 [ERROR] ==============BLUE WARRIORS============: Error initializing RAG chain: Le fichier config.ini n'a pas pu être lu ou est vide.
2025-11-14 02:02:16,782 [INFO] sqlalchemy.engine.Engine: BEGIN (implicit)
2025-11-14 02:02:16,783 [INFO] sqlalchemy.engine.Engine: PRAGMA main.table_info("user")
2025-11-14 02:02:16,783 [INFO] sqlalchemy.engine.Engine: [raw sql] ()
2025-11-14 02:02:16,784 [INFO] sqlalchemy.engine.Engine: PRAGMA main.table_info("patient")
2025-11-14 02:02:16,784 [INFO] sqlalchemy.engine.Engine: [raw sql] ()
2025-11-14 02:02:16,785 [INFO] sqlalchemy.engine.Engine: COMMIT
2025-11-14 02:02:16,796 [INFO] ==============BLUE WARRIORS============: initilisation de rag
2025-11-14 02:02:16,796 [CRITICAL] =========== PIPELINE RAG FINALE ===============: Erreur lors de la lecture du fichier de configuration: Le fichier config.ini n'a pas pu être lu ou est vide.
2025-11-14 02:02:16,796 [ERROR] ==============BLUE WARRIORS============: Error initializing RAG chain: Le fichier config.ini n'a pas pu être lu ou est vide.
2025-11-14 02:02:21,275 [INFO] sqlalchemy.engine.Engine: BEGIN (implicit)
2025-11-14 02:02:21,275 [INFO] sqlalchemy.engine.Engine: PRAGMA main.table_info("user")
2025-11-14 02:02:21,276 [INFO] sqlalchemy.engine.Engine: [raw sql] ()
2025-11-14 02:02:21,277 [INFO] sqlalchemy.engine.Engine: PRAGMA main.table_info("patient")
2025-11-14 02:02:21,277 [INFO] sqlalchemy.engine.Engine: [raw sql] ()
2025-11-14 02:02:21,278 [INFO] sqlalchemy.engine.Engine: COMMIT
2025-11-14 02:02:21,288 [INFO] ==============BLUE WARRIORS============: initilisation de rag
2025-11-14 02:02:21,289 [CRITICAL] =========== PIPELINE RAG FINALE ===============: Erreur lors de la lecture du fichier de configuration: Le fichier config.ini n'a pas pu être lu ou est vide.
2025-11-14 02:02:21,289 [ERROR] ==============BLUE WARRIORS============: Error initializing RAG chain: Le fichier config.ini n'a pas pu être lu ou est vide.
2025-11-14 02:02:23,802 [INFO] sqlalchemy.engine.Engine: BEGIN (implicit)
2025-11-14 02:02:23,803 [INFO] sqlalchemy.engine.Engine: PRAGMA main.table_info("user")
2025-11-14 02:02:23,803 [INFO] sqlalchemy.engine.Engine: [raw sql] ()
2025-11-14 02:02:23,804 [INFO] sqlalchemy.engine.Engine: PRAGMA main.table_info("patient")
2025-11-14 02:02:23,804 [INFO] sqlalchemy.engine.Engine: [raw sql] ()
2025-11-14 02:02:23,804 [INFO] sqlalchemy.engine.Engine: COMMIT
2025-11-14 02:02:23,816 [INFO] ==============BLUE WARRIORS============: initilisation de rag
2025-11-14 02:02:23,817 [CRITICAL] =========== PIPELINE RAG FINALE ===============: Erreur lors de la lecture du fichier de configuration: Le fichier config.ini n'a pas pu être lu ou est vide.
2025-11-14 02:02:23,817 [ERROR] ==============BLUE WARRIORS============: Error initializing RAG chain: Le fichier config.ini n'a pas pu être lu ou est vide.
2025-11-14 02:02:37,330 [INFO] sqlalchemy.engine.Engine: BEGIN (implicit)
2025-11-14 02:02:37,331 [INFO] sqlalchemy.engine.Engine: PRAGMA main.table_info("user")
2025-11-14 02:02:37,331 [INFO] sqlalchemy.engine.Engine: [raw sql] ()
2025-11-14 02:02:37,332 [INFO] sqlalchemy.engine.Engine: PRAGMA main.table_info("patient")
2025-11-14 02:02:37,332 [INFO] sqlalchemy.engine.Engine: [raw sql] ()
2025-11-14 02:02:37,333 [INFO] sqlalchemy.engine.Engine: COMMIT
2025-11-14 02:02:37,349 [INFO] ==============BLUE WARRIORS============: initilisation de rag
2025-11-14 02:02:37,350 [CRITICAL] =========== PIPELINE RAG FINALE ===============: Erreur lors de la lecture du fichier de configuration: Le fichier config.ini n'a pas pu être lu ou est vide.
2025-11-14 02:02:37,350 [ERROR] ==============BLUE WARRIORS============: Error initializing RAG chain: Le fichier config.ini n'a pas pu être lu ou est vide.
2025-11-14 02:02:40,020 [INFO] sqlalchemy.engine.Engine: BEGIN (implicit)
2025-11-14 02:02:40,020 [INFO] sqlalchemy.engine.Engine: PRAGMA main.table_info("user")
2025-11-14 02:02:40,021 [INFO] sqlalchemy.engine.Engine: [raw sql] ()
2025-11-14 02:02:40,021 [INFO] sqlalchemy.engine.Engine: PRAGMA main.table_info("patient")
2025-11-14 02:02:40,022 [INFO] sqlalchemy.engine.Engine: [raw sql] ()
2025-11-14 02:02:40,022 [INFO] sqlalchemy.engine.Engine: COMMIT
2025-11-14 02:02:40,038 [INFO] ==============BLUE WARRIORS============: initilisation de rag
2025-11-14 02:02:40,039 [CRITICAL] =========== PIPELINE RAG FINALE ===============: Erreur lors de la lecture du fichier de configuration: Le fichier config.ini n'a pas pu être lu ou est vide.
2025-11-14 02:02:40,039 [ERROR] ==============BLUE WARRIORS============: Error initializing RAG chain: Le fichier config.ini n'a pas pu être lu ou est vide.
2025-11-14 02:05:33,094 [INFO] sqlalchemy.engine.Engine: BEGIN (implicit)
2025-11-14 02:05:33,097 [INFO] sqlalchemy.engine.Engine: PRAGMA main.table_info("user")
2025-11-14 02:05:33,098 [INFO] sqlalchemy.engine.Engine: [raw sql] ()
2025-11-14 02:05:33,099 [INFO] sqlalchemy.engine.Engine: PRAGMA main.table_info("patient")
2025-11-14 02:05:33,103 [INFO] sqlalchemy.engine.Engine: [raw sql] ()
2025-11-14 02:05:33,104 [INFO] sqlalchemy.engine.Engine: COMMIT
2025-11-14 02:05:33,131 [INFO] ==============BLUE WARRIORS============: initilisation de rag
2025-11-14 02:05:33,132 [CRITICAL] =========== PIPELINE RAG FINALE ===============: Erreur lors de la lecture du fichier de configuration: Le fichier config.ini n'a pas pu être lu ou est vide.
2025-11-14 02:05:33,133 [ERROR] ==============BLUE WARRIORS============: Error initializing RAG chain: Le fichier config.ini n'a pas pu être lu ou est vide.
2025-11-14 02:05:36,562 [INFO] sqlalchemy.engine.Engine: BEGIN (implicit)
2025-11-14 02:05:36,562 [INFO] sqlalchemy.engine.Engine: PRAGMA main.table_info("user")
2025-11-14 02:05:36,562 [INFO] sqlalchemy.engine.Engine: [raw sql] ()
2025-11-14 02:05:36,563 [INFO] sqlalchemy.engine.Engine: PRAGMA main.table_info("patient")
2025-11-14 02:05:36,564 [INFO] sqlalchemy.engine.Engine: [raw sql] ()
2025-11-14 02:05:36,564 [INFO] sqlalchemy.engine.Engine: COMMIT
2025-11-14 02:05:36,576 [INFO] ==============BLUE WARRIORS============: initilisation de rag
2025-11-14 02:05:36,576 [CRITICAL] =========== PIPELINE RAG FINALE ===============: Erreur lors de la lecture du fichier de configuration: Le fichier config.ini n'a pas pu être lu ou est vide.
2025-11-14 02:05:36,576 [ERROR] ==============BLUE WARRIORS============: Error initializing RAG chain: Le fichier config.ini n'a pas pu être lu ou est vide.
2025-11-14 02:05:39,334 [INFO] sqlalchemy.engine.Engine: BEGIN (implicit)
2025-11-14 02:05:39,335 [INFO] sqlalchemy.engine.Engine: PRAGMA main.table_info("user")
2025-11-14 02:05:39,335 [INFO] sqlalchemy.engine.Engine: [raw sql] ()
2025-11-14 02:05:39,336 [INFO] sqlalchemy.engine.Engine: PRAGMA main.table_info("patient")
2025-11-14 02:05:39,336 [INFO] sqlalchemy.engine.Engine: [raw sql] ()
2025-11-14 02:05:39,337 [INFO] sqlalchemy.engine.Engine: COMMIT
2025-11-14 02:05:39,348 [INFO] ==============BLUE WARRIORS============: initilisation de rag
2025-11-14 02:05:39,348 [CRITICAL] =========== PIPELINE RAG FINALE ===============: Erreur lors de la lecture du fichier de configuration: Le fichier config.ini n'a pas pu être lu ou est vide.
2025-11-14 02:05:39,349 [ERROR] ==============BLUE WARRIORS============: Error initializing RAG chain: Le fichier config.ini n'a pas pu être lu ou est vide.
2025-11-14 02:05:42,557 [INFO] sqlalchemy.engine.Engine: BEGIN (implicit)
2025-11-14 02:05:42,558 [INFO] sqlalchemy.engine.Engine: PRAGMA main.table_info("user")
2025-11-14 02:05:42,558 [INFO] sqlalchemy.engine.Engine: [raw sql] ()
2025-11-14 02:05:42,559 [INFO] sqlalchemy.engine.Engine: PRAGMA main.table_info("patient")
2025-11-14 02:05:42,560 [INFO] sqlalchemy.engine.Engine: [raw sql] ()
2025-11-14 02:05:42,561 [INFO] sqlalchemy.engine.Engine: COMMIT
2025-11-14 02:05:42,582 [INFO] ==============BLUE WARRIORS============: initilisation de rag
2025-11-14 02:05:42,583 [CRITICAL] =========== PIPELINE RAG FINALE ===============: Erreur lors de la lecture du fichier de configuration: Le fichier config.ini n'a pas pu être lu ou est vide.
2025-11-14 02:05:42,584 [ERROR] ==============BLUE WARRIORS============: Error initializing RAG chain: Le fichier config.ini n'a pas pu être lu ou est vide.
2025-11-14 02:05:45,480 [INFO] sqlalchemy.engine.Engine: BEGIN (implicit)
2025-11-14 02:05:45,480 [INFO] sqlalchemy.engine.Engine: PRAGMA main.table_info("user")
2025-11-14 02:05:45,481 [INFO] sqlalchemy.engine.Engine: [raw sql] ()
2025-11-14 02:05:45,482 [INFO] sqlalchemy.engine.Engine: PRAGMA main.table_info("patient")
2025-11-14 02:05:45,482 [INFO] sqlalchemy.engine.Engine: [raw sql] ()
2025-11-14 02:05:45,482 [INFO] sqlalchemy.engine.Engine: COMMIT
2025-11-14 02:05:45,493 [INFO] ==============BLUE WARRIORS============: initilisation de rag
2025-11-14 02:05:45,494 [CRITICAL] =========== PIPELINE RAG FINALE ===============: Erreur lors de la lecture du fichier de configuration: Le fichier config.ini n'a pas pu être lu ou est vide.
2025-11-14 02:05:45,494 [ERROR] ==============BLUE WARRIORS============: Error initializing RAG chain: Le fichier config.ini n'a pas pu être lu ou est vide.
2025-11-14 02:05:48,622 [INFO] sqlalchemy.engine.Engine: BEGIN (implicit)
2025-11-14 02:05:48,622 [INFO] sqlalchemy.engine.Engine: PRAGMA main.table_info("user")
2025-11-14 02:05:48,622 [INFO] sqlalchemy.engine.Engine: [raw sql] ()
2025-11-14 02:05:48,623 [INFO] sqlalchemy.engine.Engine: PRAGMA main.table_info("patient")
2025-11-14 02:05:48,623 [INFO] sqlalchemy.engine.Engine: [raw sql] ()
2025-11-14 02:05:48,624 [INFO] sqlalchemy.engine.Engine: COMMIT
2025-11-14 02:05:48,639 [INFO] ==============BLUE WARRIORS============: initilisation de rag
2025-11-14 02:05:48,640 [CRITICAL] =========== PIPELINE RAG FINALE ===============: Erreur lors de la lecture du fichier de configuration: Le fichier config.ini n'a pas pu être lu ou est vide.
2025-11-14 02:05:48,640 [ERROR] ==============BLUE WARRIORS============: Error initializing RAG chain: Le fichier config.ini n'a pas pu être lu ou est vide.
2025-11-14 02:05:51,687 [INFO] sqlalchemy.engine.Engine: BEGIN (implicit)
2025-11-14 02:05:51,687 [INFO] sqlalchemy.engine.Engine: PRAGMA main.table_info("user")
2025-11-14 02:05:51,688 [INFO] sqlalchemy.engine.Engine: [raw sql] ()
2025-11-14 02:05:51,688 [INFO] sqlalchemy.engine.Engine: PRAGMA main.table_info("patient")
2025-11-14 02:05:51,688 [INFO] sqlalchemy.engine.Engine: [raw sql] ()
2025-11-14 02:05:51,689 [INFO] sqlalchemy.engine.Engine: COMMIT
2025-11-14 02:05:51,701 [INFO] ==============BLUE WARRIORS============: initilisation de rag
2025-11-14 02:05:51,701 [CRITICAL] =========== PIPELINE RAG FINALE ===============: Erreur lors de la lecture du fichier de configuration: Le fichier config.ini n'a pas pu être lu ou est vide.
2025-11-14 02:05:51,702 [ERROR] ==============BLUE WARRIORS============: Error initializing RAG chain: Le fichier config.ini n'a pas pu être lu ou est vide.
2025-11-14 02:05:54,865 [INFO] sqlalchemy.engine.Engine: BEGIN (implicit)
2025-11-14 02:05:54,865 [INFO] sqlalchemy.engine.Engine: PRAGMA main.table_info("user")
2025-11-14 02:05:54,866 [INFO] sqlalchemy.engine.Engine: [raw sql] ()
2025-11-14 02:05:54,866 [INFO] sqlalchemy.engine.Engine: PRAGMA main.table_info("patient")
2025-11-14 02:05:54,867 [INFO] sqlalchemy.engine.Engine: [raw sql] ()
2025-11-14 02:05:54,867 [INFO] sqlalchemy.engine.Engine: COMMIT
2025-11-14 02:05:54,881 [INFO] ==============BLUE WARRIORS============: initilisation de rag
2025-11-14 02:05:54,881 [CRITICAL] =========== PIPELINE RAG FINALE ===============: Erreur lors de la lecture du fichier de configuration: Le fichier config.ini n'a pas pu être lu ou est vide.
2025-11-14 02:05:54,882 [ERROR] ==============BLUE WARRIORS============: Error initializing RAG chain: Le fichier config.ini n'a pas pu être lu ou est vide.
2025-11-14 02:06:02,029 [INFO] sqlalchemy.engine.Engine: BEGIN (implicit)
2025-11-14 02:06:02,029 [INFO] sqlalchemy.engine.Engine: PRAGMA main.table_info("user")
2025-11-14 02:06:02,030 [INFO] sqlalchemy.engine.Engine: [raw sql] ()
2025-11-14 02:06:02,030 [INFO] sqlalchemy.engine.Engine: PRAGMA main.table_info("patient")
2025-11-14 02:06:02,031 [INFO] sqlalchemy.engine.Engine: [raw sql] ()
2025-11-14 02:06:02,031 [INFO] sqlalchemy.engine.Engine: COMMIT
2025-11-14 02:06:02,049 [INFO] ==============BLUE WARRIORS============: initilisation de rag
2025-11-14 02:06:02,050 [CRITICAL] =========== PIPELINE RAG FINALE ===============: Erreur lors de la lecture du fichier de configuration: Le fichier config.ini n'a pas pu être lu ou est vide.
2025-11-14 02:06:02,050 [ERROR] ==============BLUE WARRIORS============: Error initializing RAG chain: Le fichier config.ini n'a pas pu être lu ou est vide.
2025-11-14 02:06:08,029 [INFO] sqlalchemy.engine.Engine: BEGIN (implicit)
2025-11-14 02:06:08,030 [INFO] sqlalchemy.engine.Engine: PRAGMA main.table_info("user")
2025-11-14 02:06:08,030 [INFO] sqlalchemy.engine.Engine: [raw sql] ()
2025-11-14 02:06:08,030 [INFO] sqlalchemy.engine.Engine: PRAGMA main.table_info("patient")
2025-11-14 02:06:08,031 [INFO] sqlalchemy.engine.Engine: [raw sql] ()
2025-11-14 02:06:08,031 [INFO] sqlalchemy.engine.Engine: COMMIT
2025-11-14 02:06:08,045 [INFO] ==============BLUE WARRIORS============: initilisation de rag
2025-11-14 02:06:08,046 [CRITICAL] =========== PIPELINE RAG FINALE ===============: Erreur lors de la lecture du fichier de configuration: Le fichier config.ini n'a pas pu être lu ou est vide.
2025-11-14 02:06:08,046 [ERROR] ==============BLUE WARRIORS============: Error initializing RAG chain: Le fichier config.ini n'a pas pu être lu ou est vide.
2025-11-14 02:06:12,848 [INFO] sqlalchemy.engine.Engine: BEGIN (implicit)
2025-11-14 02:06:12,849 [INFO] sqlalchemy.engine.Engine: PRAGMA main.table_info("user")
2025-11-14 02:06:12,849 [INFO] sqlalchemy.engine.Engine: [raw sql] ()
2025-11-14 02:06:12,850 [INFO] sqlalchemy.engine.Engine: PRAGMA main.table_info("patient")
2025-11-14 02:06:12,850 [INFO] sqlalchemy.engine.Engine: [raw sql] ()
2025-11-14 02:06:12,851 [INFO] sqlalchemy.engine.Engine: COMMIT
2025-11-14 02:06:12,862 [INFO] ==============BLUE WARRIORS============: initilisation de rag
2025-11-14 02:06:12,862 [CRITICAL] =========== PIPELINE RAG FINALE ===============: Erreur lors de la lecture du fichier de configuration: Le fichier config.ini n'a pas pu être lu ou est vide.
2025-11-14 02:06:12,862 [ERROR] ==============BLUE WARRIORS============: Error initializing RAG chain: Le fichier config.ini n'a pas pu être lu ou est vide.
2025-11-14 02:06:16,458 [INFO] sqlalchemy.engine.Engine: BEGIN (implicit)
2025-11-14 02:06:16,458 [INFO] sqlalchemy.engine.Engine: PRAGMA main.table_info("user")
2025-11-14 02:06:16,459 [INFO] sqlalchemy.engine.Engine: [raw sql] ()
2025-11-14 02:06:16,459 [INFO] sqlalchemy.engine.Engine: PRAGMA main.table_info("patient")
2025-11-14 02:06:16,459 [INFO] sqlalchemy.engine.Engine: [raw sql] ()
2025-11-14 02:06:16,460 [INFO] sqlalchemy.engine.Engine: COMMIT
2025-11-14 02:06:16,472 [INFO] ==============BLUE WARRIORS============: initilisation de rag
2025-11-14 02:06:16,473 [CRITICAL] =========== PIPELINE RAG FINALE ===============: Erreur lors de la lecture du fichier de configuration: Le fichier config.ini n'a pas pu être lu ou est vide.
2025-11-14 02:06:16,473 [ERROR] ==============BLUE WARRIORS============: Error initializing RAG chain: Le fichier config.ini n'a pas pu être lu ou est vide.
2025-11-14 02:06:29,215 [INFO] sqlalchemy.engine.Engine: BEGIN (implicit)
2025-11-14 02:06:29,216 [INFO] sqlalchemy.engine.Engine: PRAGMA main.table_info("user")
2025-11-14 02:06:29,216 [INFO] sqlalchemy.engine.Engine: [raw sql] ()
2025-11-14 02:06:29,217 [INFO] sqlalchemy.engine.Engine: PRAGMA main.table_info("patient")
2025-11-14 02:06:29,217 [INFO] sqlalchemy.engine.Engine: [raw sql] ()
2025-11-14 02:06:29,218 [INFO] sqlalchemy.engine.Engine: COMMIT
2025-11-14 02:06:29,230 [INFO] ==============BLUE WARRIORS============: initilisation de rag
2025-11-14 02:06:29,230 [CRITICAL] =========== PIPELINE RAG FINALE ===============: Erreur lors de la lecture du fichier de configuration: Le fichier config.ini n'a pas pu être lu ou est vide.
2025-11-14 02:06:29,230 [ERROR] ==============BLUE WARRIORS============: Error initializing RAG chain: Le fichier config.ini n'a pas pu être lu ou est vide.
2025-11-14 02:09:20,228 [INFO] sqlalchemy.engine.Engine: BEGIN (implicit)
2025-11-14 02:09:20,228 [INFO] sqlalchemy.engine.Engine: PRAGMA main.table_info("user")
2025-11-14 02:09:20,229 [INFO] sqlalchemy.engine.Engine: [raw sql] ()
2025-11-14 02:09:20,229 [INFO] sqlalchemy.engine.Engine: PRAGMA main.table_info("patient")
2025-11-14 02:09:20,230 [INFO] sqlalchemy.engine.Engine: [raw sql] ()
2025-11-14 02:09:20,230 [INFO] sqlalchemy.engine.Engine: COMMIT
2025-11-14 02:09:20,240 [INFO] ==============BLUE WARRIORS============: initilisation de rag
2025-11-14 02:09:20,241 [CRITICAL] =========== PIPELINE RAG FINALE ===============: Erreur lors de la lecture du fichier de configuration: Le fichier config.ini n'a pas pu être lu ou est vide.
2025-11-14 02:09:20,241 [ERROR] ==============BLUE WARRIORS============: Error initializing RAG chain: Le fichier config.ini n'a pas pu être lu ou est vide.
2025-11-14 02:09:22,864 [INFO] sqlalchemy.engine.Engine: BEGIN (implicit)
2025-11-14 02:09:22,864 [INFO] sqlalchemy.engine.Engine: PRAGMA main.table_info("user")
2025-11-14 02:09:22,865 [INFO] sqlalchemy.engine.Engine: [raw sql] ()
2025-11-14 02:09:22,865 [INFO] sqlalchemy.engine.Engine: PRAGMA main.table_info("patient")
2025-11-14 02:09:22,865 [INFO] sqlalchemy.engine.Engine: [raw sql] ()
2025-11-14 02:09:22,866 [INFO] sqlalchemy.engine.Engine: COMMIT
2025-11-14 02:09:22,878 [INFO] ==============BLUE WARRIORS============: initilisation de rag
2025-11-14 02:09:22,878 [CRITICAL] =========== PIPELINE RAG FINALE ===============: Erreur lors de la lecture du fichier de configuration: Le fichier config.ini n'a pas pu être lu ou est vide.
2025-11-14 02:09:22,878 [ERROR] ==============BLUE WARRIORS============: Error initializing RAG chain: Le fichier config.ini n'a pas pu être lu ou est vide.
2025-11-14 02:09:25,574 [INFO] sqlalchemy.engine.Engine: BEGIN (implicit)
2025-11-14 02:09:25,575 [INFO] sqlalchemy.engine.Engine: PRAGMA main.table_info("user")
2025-11-14 02:09:25,575 [INFO] sqlalchemy.engine.Engine: [raw sql] ()
2025-11-14 02:09:25,576 [INFO] sqlalchemy.engine.Engine: PRAGMA main.table_info("patient")
2025-11-14 02:09:25,576 [INFO] sqlalchemy.engine.Engine: [raw sql] ()
2025-11-14 02:09:25,577 [INFO] sqlalchemy.engine.Engine: COMMIT
2025-11-14 02:09:25,588 [INFO] ==============BLUE WARRIORS============: initilisation de rag
2025-11-14 02:09:25,589 [CRITICAL] =========== PIPELINE RAG FINALE ===============: Erreur lors de la lecture du fichier de configuration: Le fichier config.ini n'a pas pu être lu ou est vide.
2025-11-14 02:09:25,589 [ERROR] ==============BLUE WARRIORS============: Error initializing RAG chain: Le fichier config.ini n'a pas pu être lu ou est vide.
2025-11-14 02:09:28,860 [INFO] sqlalchemy.engine.Engine: BEGIN (implicit)
2025-11-14 02:09:28,861 [INFO] sqlalchemy.engine.Engine: PRAGMA main.table_info("user")
2025-11-14 02:09:28,861 [INFO] sqlalchemy.engine.Engine: [raw sql] ()
2025-11-14 02:09:28,862 [INFO] sqlalchemy.engine.Engine: PRAGMA main.table_info("patient")
2025-11-14 02:09:28,863 [INFO] sqlalchemy.engine.Engine: [raw sql] ()
2025-11-14 02:09:28,863 [INFO] sqlalchemy.engine.Engine: COMMIT
2025-11-14 02:09:28,883 [INFO] ==============BLUE WARRIORS============: initilisation de rag
2025-11-14 02:09:28,884 [CRITICAL] =========== PIPELINE RAG FINALE ===============: Erreur lors de la lecture du fichier de configuration: Le fichier config.ini n'a pas pu être lu ou est vide.
2025-11-14 02:09:28,884 [ERROR] ==============BLUE WARRIORS============: Error initializing RAG chain: Le fichier config.ini n'a pas pu être lu ou est vide.
2025-11-14 02:09:32,117 [INFO] sqlalchemy.engine.Engine: BEGIN (implicit)
2025-11-14 02:09:32,117 [INFO] sqlalchemy.engine.Engine: PRAGMA main.table_info("user")
2025-11-14 02:09:32,118 [INFO] sqlalchemy.engine.Engine: [raw sql] ()
2025-11-14 02:09:32,119 [INFO] sqlalchemy.engine.Engine: PRAGMA main.table_info("patient")
2025-11-14 02:09:32,119 [INFO] sqlalchemy.engine.Engine: [raw sql] ()
2025-11-14 02:09:32,120 [INFO] sqlalchemy.engine.Engine: COMMIT
2025-11-14 02:09:32,133 [INFO] ==============BLUE WARRIORS============: initilisation de rag
2025-11-14 02:09:32,134 [CRITICAL] =========== PIPELINE RAG FINALE ===============: Erreur lors de la lecture du fichier de configuration: Le fichier config.ini n'a pas pu être lu ou est vide.
2025-11-14 02:09:32,134 [ERROR] ==============BLUE WARRIORS============: Error initializing RAG chain: Le fichier config.ini n'a pas pu être lu ou est vide.
2025-11-14 02:09:35,500 [INFO] sqlalchemy.engine.Engine: BEGIN (implicit)
2025-11-14 02:09:35,500 [INFO] sqlalchemy.engine.Engine: PRAGMA main.table_info("user")
2025-11-14 02:09:35,501 [INFO] sqlalchemy.engine.Engine: [raw sql] ()
2025-11-14 02:09:35,502 [INFO] sqlalchemy.engine.Engine: PRAGMA main.table_info("patient")
2025-11-14 02:09:35,503 [INFO] sqlalchemy.engine.Engine: [raw sql] ()
2025-11-14 02:09:35,504 [INFO] sqlalchemy.engine.Engine: COMMIT
2025-11-14 02:09:35,528 [INFO] ==============BLUE WARRIORS============: initilisation de rag
2025-11-14 02:09:35,529 [CRITICAL] =========== PIPELINE RAG FINALE ===============: Erreur lors de la lecture du fichier de configuration: Le fichier config.ini n'a pas pu être lu ou est vide.
2025-11-14 02:09:35,530 [ERROR] ==============BLUE WARRIORS============: Error initializing RAG chain: Le fichier config.ini n'a pas pu être lu ou est vide.
2025-11-14 02:09:39,168 [INFO] sqlalchemy.engine.Engine: BEGIN (implicit)
2025-11-14 02:09:39,168 [INFO] sqlalchemy.engine.Engine: PRAGMA main.table_info("user")
2025-11-14 02:09:39,168 [INFO] sqlalchemy.engine.Engine: [raw sql] ()
2025-11-14 02:09:39,169 [INFO] sqlalchemy.engine.Engine: PRAGMA main.table_info("patient")
2025-11-14 02:09:39,169 [INFO] sqlalchemy.engine.Engine: [raw sql] ()
2025-11-14 02:09:39,170 [INFO] sqlalchemy.engine.Engine: COMMIT
2025-11-14 02:09:39,183 [INFO] ==============BLUE WARRIORS============: initilisation de rag
2025-11-14 02:09:39,183 [CRITICAL] =========== PIPELINE RAG FINALE ===============: Erreur lors de la lecture du fichier de configuration: Le fichier config.ini n'a pas pu être lu ou est vide.
2025-11-14 02:09:39,184 [ERROR] ==============BLUE WARRIORS============: Error initializing RAG chain: Le fichier config.ini n'a pas pu être lu ou est vide.
2025-11-14 02:09:43,878 [INFO] sqlalchemy.engine.Engine: BEGIN (implicit)
2025-11-14 02:09:43,878 [INFO] sqlalchemy.engine.Engine: PRAGMA main.table_info("user")
2025-11-14 02:09:43,879 [INFO] sqlalchemy.engine.Engine: [raw sql] ()
2025-11-14 02:09:43,879 [INFO] sqlalchemy.engine.Engine: PRAGMA main.table_info("patient")
2025-11-14 02:09:43,879 [INFO] sqlalchemy.engine.Engine: [raw sql] ()
2025-11-14 02:09:43,880 [INFO] sqlalchemy.engine.Engine: COMMIT
2025-11-14 02:09:43,892 [INFO] ==============BLUE WARRIORS============: initilisation de rag
2025-11-14 02:09:43,893 [CRITICAL] =========== PIPELINE RAG FINALE ===============: Erreur lors de la lecture du fichier de configuration: Le fichier config.ini n'a pas pu être lu ou est vide.
2025-11-14 02:09:43,893 [ERROR] ==============BLUE WARRIORS============: Error initializing RAG chain: Le fichier config.ini n'a pas pu être lu ou est vide.
2025-11-14 02:09:46,915 [INFO] sqlalchemy.engine.Engine: BEGIN (implicit)
2025-11-14 02:09:46,915 [INFO] sqlalchemy.engine.Engine: PRAGMA main.table_info("user")
2025-11-14 02:09:46,916 [INFO] sqlalchemy.engine.Engine: [raw sql] ()
2025-11-14 02:09:46,916 [INFO] sqlalchemy.engine.Engine: PRAGMA main.table_info("patient")
2025-11-14 02:09:46,916 [INFO] sqlalchemy.engine.Engine: [raw sql] ()
2025-11-14 02:09:46,917 [INFO] sqlalchemy.engine.Engine: COMMIT
2025-11-14 02:09:46,927 [INFO] ==============BLUE WARRIORS============: initilisation de rag
2025-11-14 02:09:46,929 [CRITICAL] =========== PIPELINE RAG FINALE ===============: Erreur lors de la lecture du fichier de configuration: Le fichier config.ini n'a pas pu être lu ou est vide.
2025-11-14 02:09:46,929 [ERROR] ==============BLUE WARRIORS============: Error initializing RAG chain: Le fichier config.ini n'a pas pu être lu ou est vide.
2025-11-14 02:09:49,729 [INFO] sqlalchemy.engine.Engine: BEGIN (implicit)
2025-11-14 02:09:49,730 [INFO] sqlalchemy.engine.Engine: PRAGMA main.table_info("user")
2025-11-14 02:09:49,730 [INFO] sqlalchemy.engine.Engine: [raw sql] ()
2025-11-14 02:09:49,731 [INFO] sqlalchemy.engine.Engine: PRAGMA main.table_info("patient")
2025-11-14 02:09:49,731 [INFO] sqlalchemy.engine.Engine: [raw sql] ()
2025-11-14 02:09:49,732 [INFO] sqlalchemy.engine.Engine: COMMIT
2025-11-14 02:09:49,744 [INFO] ==============BLUE WARRIORS============: initilisation de rag
2025-11-14 02:09:49,744 [CRITICAL] =========== PIPELINE RAG FINALE ===============: Erreur lors de la lecture du fichier de configuration: Le fichier config.ini n'a pas pu être lu ou est vide.
2025-11-14 02:09:49,745 [ERROR] ==============BLUE WARRIORS============: Error initializing RAG chain: Le fichier config.ini n'a pas pu être lu ou est vide.
2025-11-14 02:09:53,199 [INFO] sqlalchemy.engine.Engine: BEGIN (implicit)
2025-11-14 02:09:53,200 [INFO] sqlalchemy.engine.Engine: PRAGMA main.table_info("user")
2025-11-14 02:09:53,200 [INFO] sqlalchemy.engine.Engine: [raw sql] ()
2025-11-14 02:09:53,201 [INFO] sqlalchemy.engine.Engine: PRAGMA main.table_info("patient")
2025-11-14 02:09:53,201 [INFO] sqlalchemy.engine.Engine: [raw sql] ()
2025-11-14 02:09:53,201 [INFO] sqlalchemy.engine.Engine: COMMIT
2025-11-14 02:09:53,215 [INFO] ==============BLUE WARRIORS============: initilisation de rag
2025-11-14 02:09:53,216 [CRITICAL] =========== PIPELINE RAG FINALE ===============: Erreur lors de la lecture du fichier de configuration: Le fichier config.ini n'a pas pu être lu ou est vide.
2025-11-14 02:09:53,216 [ERROR] ==============BLUE WARRIORS============: Error initializing RAG chain: Le fichier config.ini n'a pas pu être lu ou est vide.
2025-11-14 02:09:55,924 [INFO] sqlalchemy.engine.Engine: BEGIN (implicit)
2025-11-14 02:09:55,925 [INFO] sqlalchemy.engine.Engine: PRAGMA main.table_info("user")
2025-11-14 02:09:55,925 [INFO] sqlalchemy.engine.Engine: [raw sql] ()
2025-11-14 02:09:55,926 [INFO] sqlalchemy.engine.Engine: PRAGMA main.table_info("patient")
2025-11-14 02:09:55,926 [INFO] sqlalchemy.engine.Engine: [raw sql] ()
2025-11-14 02:09:55,926 [INFO] sqlalchemy.engine.Engine: COMMIT
2025-11-14 02:09:55,940 [INFO] ==============BLUE WARRIORS============: initilisation de rag
2025-11-14 02:09:55,941 [CRITICAL] =========== PIPELINE RAG FINALE ===============: Erreur lors de la lecture du fichier de configuration: Le fichier config.ini n'a pas pu être lu ou est vide.
2025-11-14 02:09:55,941 [ERROR] ==============BLUE WARRIORS============: Error initializing RAG chain: Le fichier config.ini n'a pas pu être lu ou est vide.
2025-11-14 02:10:24,399 [INFO] sqlalchemy.engine.Engine: BEGIN (implicit)
2025-11-14 02:10:24,400 [INFO] sqlalchemy.engine.Engine: PRAGMA main.table_info("user")
2025-11-14 02:10:24,400 [INFO] sqlalchemy.engine.Engine: [raw sql] ()
2025-11-14 02:10:24,400 [INFO] sqlalchemy.engine.Engine: PRAGMA main.table_info("patient")
2025-11-14 02:10:24,401 [INFO] sqlalchemy.engine.Engine: [raw sql] ()
2025-11-14 02:10:24,401 [INFO] sqlalchemy.engine.Engine: COMMIT
2025-11-14 02:10:24,413 [INFO] ==============BLUE WARRIORS============: initilisation de rag
2025-11-14 02:10:24,414 [CRITICAL] =========== PIPELINE RAG FINALE ===============: Erreur lors de la lecture du fichier de configuration: Le fichier config.ini n'a pas pu être lu ou est vide.
2025-11-14 02:10:24,414 [ERROR] ==============BLUE WARRIORS============: Error initializing RAG chain: Le fichier config.ini n'a pas pu être lu ou est vide.
2025-11-14 02:10:30,818 [INFO] sqlalchemy.engine.Engine: BEGIN (implicit)
2025-11-14 02:10:30,818 [INFO] sqlalchemy.engine.Engine: PRAGMA main.table_info("user")
2025-11-14 02:10:30,818 [INFO] sqlalchemy.engine.Engine: [raw sql] ()
2025-11-14 02:10:30,819 [INFO] sqlalchemy.engine.Engine: PRAGMA main.table_info("patient")
2025-11-14 02:10:30,819 [INFO] sqlalchemy.engine.Engine: [raw sql] ()
2025-11-14 02:10:30,819 [INFO] sqlalchemy.engine.Engine: COMMIT
2025-11-14 02:10:30,831 [INFO] ==============BLUE WARRIORS============: initilisation de rag
2025-11-14 02:10:30,832 [CRITICAL] =========== PIPELINE RAG FINALE ===============: Erreur lors de la lecture du fichier de configuration: Le fichier config.ini n'a pas pu être lu ou est vide.
2025-11-14 02:10:30,832 [ERROR] ==============BLUE WARRIORS============: Error initializing RAG chain: Le fichier config.ini n'a pas pu être lu ou est vide.
2025-11-14 02:10:34,905 [INFO] sqlalchemy.engine.Engine: BEGIN (implicit)
2025-11-14 02:10:34,905 [INFO] sqlalchemy.engine.Engine: PRAGMA main.table_info("user")
2025-11-14 02:10:34,905 [INFO] sqlalchemy.engine.Engine: [raw sql] ()
2025-11-14 02:10:34,906 [INFO] sqlalchemy.engine.Engine: PRAGMA main.table_info("patient")
2025-11-14 02:10:34,906 [INFO] sqlalchemy.engine.Engine: [raw sql] ()
2025-11-14 02:10:34,906 [INFO] sqlalchemy.engine.Engine: COMMIT
2025-11-14 02:10:34,919 [INFO] ==============BLUE WARRIORS============: initilisation de rag
2025-11-14 02:10:34,920 [CRITICAL] =========== PIPELINE RAG FINALE ===============: Erreur lors de la lecture du fichier de configuration: Le fichier config.ini n'a pas pu être lu ou est vide.
2025-11-14 02:10:34,920 [ERROR] ==============BLUE WARRIORS============: Error initializing RAG chain: Le fichier config.ini n'a pas pu être lu ou est vide.
2025-11-14 02:10:37,603 [INFO] sqlalchemy.engine.Engine: BEGIN (implicit)
2025-11-14 02:10:37,603 [INFO] sqlalchemy.engine.Engine: PRAGMA main.table_info("user")
2025-11-14 02:10:37,603 [INFO] sqlalchemy.engine.Engine: [raw sql] ()
2025-11-14 02:10:37,604 [INFO] sqlalchemy.engine.Engine: PRAGMA main.table_info("patient")
2025-11-14 02:10:37,604 [INFO] sqlalchemy.engine.Engine: [raw sql] ()
2025-11-14 02:10:37,605 [INFO] sqlalchemy.engine.Engine: COMMIT
2025-11-14 02:10:37,618 [INFO] ==============BLUE WARRIORS============: initilisation de rag
2025-11-14 02:10:37,618 [CRITICAL] =========== PIPELINE RAG FINALE ===============: Erreur lors de la lecture du fichier de configuration: Le fichier config.ini n'a pas pu être lu ou est vide.
2025-11-14 02:10:37,618 [ERROR] ==============BLUE WARRIORS============: Error initializing RAG chain: Le fichier config.ini n'a pas pu être lu ou est vide.
2025-11-14 02:10:44,857 [INFO] sqlalchemy.engine.Engine: BEGIN (implicit)
2025-11-14 02:10:44,858 [INFO] sqlalchemy.engine.Engine: PRAGMA main.table_info("user")
2025-11-14 02:10:44,858 [INFO] sqlalchemy.engine.Engine: [raw sql] ()
2025-11-14 02:10:44,859 [INFO] sqlalchemy.engine.Engine: PRAGMA main.table_info("patient")
2025-11-14 02:10:44,859 [INFO] sqlalchemy.engine.Engine: [raw sql] ()
2025-11-14 02:10:44,860 [INFO] sqlalchemy.engine.Engine: COMMIT
2025-11-14 02:10:44,875 [INFO] ==============BLUE WARRIORS============: initilisation de rag
2025-11-14 02:10:44,876 [CRITICAL] =========== PIPELINE RAG FINALE ===============: Erreur lors de la lecture du fichier de configuration: Le fichier config.ini n'a pas pu être lu ou est vide.
2025-11-14 02:10:44,876 [ERROR] ==============BLUE WARRIORS============: Error initializing RAG chain: Le fichier config.ini n'a pas pu être lu ou est vide.
2025-11-14 02:10:47,461 [INFO] sqlalchemy.engine.Engine: BEGIN (implicit)
2025-11-14 02:10:47,462 [INFO] sqlalchemy.engine.Engine: PRAGMA main.table_info("user")
2025-11-14 02:10:47,462 [INFO] sqlalchemy.engine.Engine: [raw sql] ()
2025-11-14 02:10:47,464 [INFO] sqlalchemy.engine.Engine: PRAGMA main.table_info("patient")
2025-11-14 02:10:47,464 [INFO] sqlalchemy.engine.Engine: [raw sql] ()
2025-11-14 02:10:47,465 [INFO] sqlalchemy.engine.Engine: COMMIT
2025-11-14 02:10:47,475 [INFO] ==============BLUE WARRIORS============: initilisation de rag
2025-11-14 02:10:47,476 [CRITICAL] =========== PIPELINE RAG FINALE ===============: Erreur lors de la lecture du fichier de configuration: Le fichier config.ini n'a pas pu être lu ou est vide.
2025-11-14 02:10:47,476 [ERROR] ==============BLUE WARRIORS============: Error initializing RAG chain: Le fichier config.ini n'a pas pu être lu ou est vide.
2025-11-14 02:11:08,064 [INFO] sqlalchemy.engine.Engine: BEGIN (implicit)
2025-11-14 02:11:08,064 [INFO] sqlalchemy.engine.Engine: PRAGMA main.table_info("user")
2025-11-14 02:11:08,065 [INFO] sqlalchemy.engine.Engine: [raw sql] ()
2025-11-14 02:11:08,065 [INFO] sqlalchemy.engine.Engine: PRAGMA main.table_info("patient")
2025-11-14 02:11:08,066 [INFO] sqlalchemy.engine.Engine: [raw sql] ()
2025-11-14 02:11:08,066 [INFO] sqlalchemy.engine.Engine: COMMIT
2025-11-14 02:11:08,086 [INFO] ==============BLUE WARRIORS============: initilisation de rag
2025-11-14 02:11:08,087 [CRITICAL] =========== PIPELINE RAG FINALE ===============: Erreur lors de la lecture du fichier de configuration: Le fichier config.ini n'a pas pu être lu ou est vide.
2025-11-14 02:11:08,088 [ERROR] ==============BLUE WARRIORS============: Error initializing RAG chain: Le fichier config.ini n'a pas pu être lu ou est vide.
2025-11-14 02:11:11,847 [INFO] sqlalchemy.engine.Engine: BEGIN (implicit)
2025-11-14 02:11:11,848 [INFO] sqlalchemy.engine.Engine: PRAGMA main.table_info("user")
2025-11-14 02:11:11,848 [INFO] sqlalchemy.engine.Engine: [raw sql] ()
2025-11-14 02:11:11,849 [INFO] sqlalchemy.engine.Engine: PRAGMA main.table_info("patient")
2025-11-14 02:11:11,849 [INFO] sqlalchemy.engine.Engine: [raw sql] ()
2025-11-14 02:11:11,849 [INFO] sqlalchemy.engine.Engine: COMMIT
2025-11-14 02:11:11,862 [INFO] ==============BLUE WARRIORS============: initilisation de rag
2025-11-14 02:11:11,863 [CRITICAL] =========== PIPELINE RAG FINALE ===============: Erreur lors de la lecture du fichier de configuration: Le fichier config.ini n'a pas pu être lu ou est vide.
2025-11-14 02:11:11,863 [ERROR] ==============BLUE WARRIORS============: Error initializing RAG chain: Le fichier config.ini n'a pas pu être lu ou est vide.
2025-11-14 02:11:15,190 [INFO] sqlalchemy.engine.Engine: BEGIN (implicit)
2025-11-14 02:11:15,191 [INFO] sqlalchemy.engine.Engine: PRAGMA main.table_info("user")
2025-11-14 02:11:15,192 [INFO] sqlalchemy.engine.Engine: [raw sql] ()
2025-11-14 02:11:15,193 [INFO] sqlalchemy.engine.Engine: PRAGMA main.table_info("patient")
2025-11-14 02:11:15,193 [INFO] sqlalchemy.engine.Engine: [raw sql] ()
2025-11-14 02:11:15,194 [INFO] sqlalchemy.engine.Engine: COMMIT
2025-11-14 02:11:15,210 [INFO] ==============BLUE WARRIORS============: initilisation de rag
2025-11-14 02:11:15,211 [CRITICAL] =========== PIPELINE RAG FINALE ===============: Erreur lors de la lecture du fichier de configuration: Le fichier config.ini n'a pas pu être lu ou est vide.
2025-11-14 02:11:15,211 [ERROR] ==============BLUE WARRIORS============: Error initializing RAG chain: Le fichier config.ini n'a pas pu être lu ou est vide.
2025-11-14 02:11:19,465 [INFO] sqlalchemy.engine.Engine: BEGIN (implicit)
2025-11-14 02:11:19,466 [INFO] sqlalchemy.engine.Engine: PRAGMA main.table_info("user")
2025-11-14 02:11:19,466 [INFO] sqlalchemy.engine.Engine: [raw sql] ()
2025-11-14 02:11:19,467 [INFO] sqlalchemy.engine.Engine: PRAGMA main.table_info("patient")
2025-11-14 02:11:19,467 [INFO] sqlalchemy.engine.Engine: [raw sql] ()
2025-11-14 02:11:19,468 [INFO] sqlalchemy.engine.Engine: COMMIT
2025-11-14 02:11:19,480 [INFO] ==============BLUE WARRIORS============: initilisation de rag
2025-11-14 02:11:19,480 [CRITICAL] =========== PIPELINE RAG FINALE ===============: Erreur lors de la lecture du fichier de configuration: Le fichier config.ini n'a pas pu être lu ou est vide.
2025-11-14 02:11:19,481 [ERROR] ==============BLUE WARRIORS============: Error initializing RAG chain: Le fichier config.ini n'a pas pu être lu ou est vide.
2025-11-14 02:12:19,079 [INFO] sqlalchemy.engine.Engine: BEGIN (implicit)
2025-11-14 02:12:19,080 [INFO] sqlalchemy.engine.Engine: PRAGMA main.table_info("user")
2025-11-14 02:12:19,080 [INFO] sqlalchemy.engine.Engine: [raw sql] ()
2025-11-14 02:12:19,081 [INFO] sqlalchemy.engine.Engine: PRAGMA main.table_info("patient")
2025-11-14 02:12:19,081 [INFO] sqlalchemy.engine.Engine: [raw sql] ()
2025-11-14 02:12:19,082 [INFO] sqlalchemy.engine.Engine: COMMIT
2025-11-14 02:12:19,093 [INFO] ==============BLUE WARRIORS============: initilisation de rag
2025-11-14 02:12:19,094 [CRITICAL] =========== PIPELINE RAG FINALE ===============: Erreur lors de la lecture du fichier de configuration: Le fichier config.ini n'a pas pu être lu ou est vide.
2025-11-14 02:12:19,094 [ERROR] ==============BLUE WARRIORS============: Error initializing RAG chain: Le fichier config.ini n'a pas pu être lu ou est vide.
2025-11-14 02:12:21,856 [INFO] sqlalchemy.engine.Engine: BEGIN (implicit)
2025-11-14 02:12:21,856 [INFO] sqlalchemy.engine.Engine: PRAGMA main.table_info("user")
2025-11-14 02:12:21,857 [INFO] sqlalchemy.engine.Engine: [raw sql] ()
2025-11-14 02:12:21,857 [INFO] sqlalchemy.engine.Engine: PRAGMA main.table_info("patient")
2025-11-14 02:12:21,857 [INFO] sqlalchemy.engine.Engine: [raw sql] ()
2025-11-14 02:12:21,858 [INFO] sqlalchemy.engine.Engine: COMMIT
2025-11-14 02:12:21,870 [INFO] ==============BLUE WARRIORS============: initilisation de rag
2025-11-14 02:12:21,872 [CRITICAL] =========== PIPELINE RAG FINALE ===============: Erreur lors de la lecture du fichier de configuration: Le fichier config.ini n'a pas pu être lu ou est vide.
2025-11-14 02:12:21,872 [ERROR] ==============BLUE WARRIORS============: Error initializing RAG chain: Le fichier config.ini n'a pas pu être lu ou est vide.
2025-11-14 02:12:52,295 [INFO] sqlalchemy.engine.Engine: BEGIN (implicit)
2025-11-14 02:12:52,296 [INFO] sqlalchemy.engine.Engine: PRAGMA main.table_info("user")
2025-11-14 02:12:52,296 [INFO] sqlalchemy.engine.Engine: [raw sql] ()
2025-11-14 02:12:52,297 [INFO] sqlalchemy.engine.Engine: PRAGMA main.table_info("patient")
2025-11-14 02:12:52,297 [INFO] sqlalchemy.engine.Engine: [raw sql] ()
2025-11-14 02:12:52,297 [INFO] sqlalchemy.engine.Engine: COMMIT
2025-11-14 02:12:52,309 [INFO] ==============BLUE WARRIORS============: initilisation de rag
2025-11-14 02:12:52,310 [CRITICAL] =========== PIPELINE RAG FINALE ===============: Erreur lors de la lecture du fichier de configuration: Le fichier config.ini n'a pas pu être lu ou est vide.
2025-11-14 02:12:52,310 [ERROR] ==============BLUE WARRIORS============: Error initializing RAG chain: Le fichier config.ini n'a pas pu être lu ou est vide.
2025-11-14 02:12:58,586 [INFO] sqlalchemy.engine.Engine: BEGIN (implicit)
2025-11-14 02:12:58,587 [INFO] sqlalchemy.engine.Engine: PRAGMA main.table_info("user")
2025-11-14 02:12:58,587 [INFO] sqlalchemy.engine.Engine: [raw sql] ()
2025-11-14 02:12:58,588 [INFO] sqlalchemy.engine.Engine: PRAGMA main.table_info("patient")
2025-11-14 02:12:58,588 [INFO] sqlalchemy.engine.Engine: [raw sql] ()
2025-11-14 02:12:58,588 [INFO] sqlalchemy.engine.Engine: COMMIT
2025-11-14 02:12:58,600 [INFO] ==============BLUE WARRIORS============: initilisation de rag
2025-11-14 02:12:58,600 [CRITICAL] =========== PIPELINE RAG FINALE ===============: Erreur lors de la lecture du fichier de configuration: Le fichier config.ini n'a pas pu être lu ou est vide.
2025-11-14 02:12:58,601 [ERROR] ==============BLUE WARRIORS============: Error initializing RAG chain: Le fichier config.ini n'a pas pu être lu ou est vide.
2025-11-14 02:13:02,053 [INFO] sqlalchemy.engine.Engine: BEGIN (implicit)
2025-11-14 02:13:02,054 [INFO] sqlalchemy.engine.Engine: PRAGMA main.table_info("user")
2025-11-14 02:13:02,055 [INFO] sqlalchemy.engine.Engine: [raw sql] ()
2025-11-14 02:13:02,056 [INFO] sqlalchemy.engine.Engine: PRAGMA main.table_info("patient")
2025-11-14 02:13:02,056 [INFO] sqlalchemy.engine.Engine: [raw sql] ()
2025-11-14 02:13:02,057 [INFO] sqlalchemy.engine.Engine: COMMIT
2025-11-14 02:13:02,082 [INFO] ==============BLUE WARRIORS============: initilisation de rag
2025-11-14 02:13:02,083 [CRITICAL] =========== PIPELINE RAG FINALE ===============: Erreur lors de la lecture du fichier de configuration: Le fichier config.ini n'a pas pu être lu ou est vide.
2025-11-14 02:13:02,083 [ERROR] ==============BLUE WARRIORS============: Error initializing RAG chain: Le fichier config.ini n'a pas pu être lu ou est vide.
2025-11-14 02:13:05,883 [INFO] sqlalchemy.engine.Engine: BEGIN (implicit)
2025-11-14 02:13:05,884 [INFO] sqlalchemy.engine.Engine: PRAGMA main.table_info("user")
2025-11-14 02:13:05,884 [INFO] sqlalchemy.engine.Engine: [raw sql] ()
2025-11-14 02:13:05,886 [INFO] sqlalchemy.engine.Engine: PRAGMA main.table_info("patient")
2025-11-14 02:13:05,886 [INFO] sqlalchemy.engine.Engine: [raw sql] ()
2025-11-14 02:13:05,887 [INFO] sqlalchemy.engine.Engine: COMMIT
2025-11-14 02:13:05,907 [INFO] ==============BLUE WARRIORS============: initilisation de rag
2025-11-14 02:13:05,908 [CRITICAL] =========== PIPELINE RAG FINALE ===============: Erreur lors de la lecture du fichier de configuration: Le fichier config.ini n'a pas pu être lu ou est vide.
2025-11-14 02:13:05,908 [ERROR] ==============BLUE WARRIORS============: Error initializing RAG chain: Le fichier config.ini n'a pas pu être lu ou est vide.
2025-11-14 02:13:11,427 [INFO] sqlalchemy.engine.Engine: BEGIN (implicit)
2025-11-14 02:13:11,427 [INFO] sqlalchemy.engine.Engine: PRAGMA main.table_info("user")
2025-11-14 02:13:11,427 [INFO] sqlalchemy.engine.Engine: [raw sql] ()
2025-11-14 02:13:11,429 [INFO] sqlalchemy.engine.Engine: PRAGMA main.table_info("patient")
2025-11-14 02:13:11,429 [INFO] sqlalchemy.engine.Engine: [raw sql] ()
2025-11-14 02:13:11,431 [INFO] sqlalchemy.engine.Engine: COMMIT
2025-11-14 02:13:11,442 [INFO] ==============BLUE WARRIORS============: initilisation de rag
2025-11-14 02:13:11,442 [CRITICAL] =========== PIPELINE RAG FINALE ===============: Erreur lors de la lecture du fichier de configuration: Le fichier config.ini n'a pas pu être lu ou est vide.
2025-11-14 02:13:11,442 [ERROR] ==============BLUE WARRIORS============: Error initializing RAG chain: Le fichier config.ini n'a pas pu être lu ou est vide.
2025-11-14 02:13:14,536 [INFO] sqlalchemy.engine.Engine: BEGIN (implicit)
2025-11-14 02:13:14,537 [INFO] sqlalchemy.engine.Engine: PRAGMA main.table_info("user")
2025-11-14 02:13:14,538 [INFO] sqlalchemy.engine.Engine: [raw sql] ()
2025-11-14 02:13:14,540 [INFO] sqlalchemy.engine.Engine: PRAGMA main.table_info("patient")
2025-11-14 02:13:14,540 [INFO] sqlalchemy.engine.Engine: [raw sql] ()
2025-11-14 02:13:14,541 [INFO] sqlalchemy.engine.Engine: COMMIT
2025-11-14 02:13:14,568 [INFO] ==============BLUE WARRIORS============: initilisation de rag
2025-11-14 02:13:14,569 [CRITICAL] =========== PIPELINE RAG FINALE ===============: Erreur lors de la lecture du fichier de configuration: Le fichier config.ini n'a pas pu être lu ou est vide.
2025-11-14 02:13:14,569 [ERROR] ==============BLUE WARRIORS============: Error initializing RAG chain: Le fichier config.ini n'a pas pu être lu ou est vide.
2025-11-14 02:13:43,196 [INFO] sqlalchemy.engine.Engine: BEGIN (implicit)
2025-11-14 02:13:43,197 [INFO] sqlalchemy.engine.Engine: PRAGMA main.table_info("user")
2025-11-14 02:13:43,197 [INFO] sqlalchemy.engine.Engine: [raw sql] ()
2025-11-14 02:13:43,198 [INFO] sqlalchemy.engine.Engine: PRAGMA main.table_info("patient")
2025-11-14 02:13:43,198 [INFO] sqlalchemy.engine.Engine: [raw sql] ()
2025-11-14 02:13:43,199 [INFO] sqlalchemy.engine.Engine: COMMIT
2025-11-14 02:13:43,211 [INFO] ==============BLUE WARRIORS============: initilisation de rag
2025-11-14 02:13:43,212 [CRITICAL] =========== PIPELINE RAG FINALE ===============: Erreur lors de la lecture du fichier de configuration: Le fichier config.ini n'a pas pu être lu ou est vide.
2025-11-14 02:13:43,212 [ERROR] ==============BLUE WARRIORS============: Error initializing RAG chain: Le fichier config.ini n'a pas pu être lu ou est vide.
2025-11-14 02:13:45,869 [INFO] sqlalchemy.engine.Engine: BEGIN (implicit)
2025-11-14 02:13:45,870 [INFO] sqlalchemy.engine.Engine: PRAGMA main.table_info("user")
2025-11-14 02:13:45,870 [INFO] sqlalchemy.engine.Engine: [raw sql] ()
2025-11-14 02:13:45,871 [INFO] sqlalchemy.engine.Engine: PRAGMA main.table_info("patient")
2025-11-14 02:13:45,871 [INFO] sqlalchemy.engine.Engine: [raw sql] ()
2025-11-14 02:13:45,872 [INFO] sqlalchemy.engine.Engine: COMMIT
2025-11-14 02:13:45,884 [INFO] ==============BLUE WARRIORS============: initilisation de rag
2025-11-14 02:13:45,885 [CRITICAL] =========== PIPELINE RAG FINALE ===============: Erreur lors de la lecture du fichier de configuration: Le fichier config.ini n'a pas pu être lu ou est vide.
2025-11-14 02:13:45,885 [ERROR] ==============BLUE WARRIORS============: Error initializing RAG chain: Le fichier config.ini n'a pas pu être lu ou est vide.
2025-11-14 02:13:52,524 [INFO] sqlalchemy.engine.Engine: BEGIN (implicit)
2025-11-14 02:13:52,524 [INFO] sqlalchemy.engine.Engine: PRAGMA main.table_info("user")
2025-11-14 02:13:52,524 [INFO] sqlalchemy.engine.Engine: [raw sql] ()
2025-11-14 02:13:52,525 [INFO] sqlalchemy.engine.Engine: PRAGMA main.table_info("patient")
2025-11-14 02:13:52,525 [INFO] sqlalchemy.engine.Engine: [raw sql] ()
2025-11-14 02:13:52,526 [INFO] sqlalchemy.engine.Engine: COMMIT
2025-11-14 02:13:52,538 [INFO] ==============BLUE WARRIORS============: initilisation de rag
2025-11-14 02:13:52,539 [CRITICAL] =========== PIPELINE RAG FINALE ===============: Erreur lors de la lecture du fichier de configuration: Le fichier config.ini n'a pas pu être lu ou est vide.
2025-11-14 02:13:52,540 [ERROR] ==============BLUE WARRIORS============: Error initializing RAG chain: Le fichier config.ini n'a pas pu être lu ou est vide.
2025-11-14 02:13:55,126 [INFO] sqlalchemy.engine.Engine: BEGIN (implicit)
2025-11-14 02:13:55,127 [INFO] sqlalchemy.engine.Engine: PRAGMA main.table_info("user")
2025-11-14 02:13:55,127 [INFO] sqlalchemy.engine.Engine: [raw sql] ()
2025-11-14 02:13:55,128 [INFO] sqlalchemy.engine.Engine: PRAGMA main.table_info("patient")
2025-11-14 02:13:55,128 [INFO] sqlalchemy.engine.Engine: [raw sql] ()
2025-11-14 02:13:55,128 [INFO] sqlalchemy.engine.Engine: COMMIT
2025-11-14 02:13:55,140 [INFO] ==============BLUE WARRIORS============: initilisation de rag
2025-11-14 02:13:55,141 [CRITICAL] =========== PIPELINE RAG FINALE ===============: Erreur lors de la lecture du fichier de configuration: Le fichier config.ini n'a pas pu être lu ou est vide.
2025-11-14 02:13:55,141 [ERROR] ==============BLUE WARRIORS============: Error initializing RAG chain: Le fichier config.ini n'a pas pu être lu ou est vide.
2025-11-14 02:14:01,120 [INFO] sqlalchemy.engine.Engine: BEGIN (implicit)
2025-11-14 02:14:01,120 [INFO] sqlalchemy.engine.Engine: PRAGMA main.table_info("user")
2025-11-14 02:14:01,120 [INFO] sqlalchemy.engine.Engine: [raw sql] ()
2025-11-14 02:14:01,121 [INFO] sqlalchemy.engine.Engine: PRAGMA main.table_info("patient")
2025-11-14 02:14:01,121 [INFO] sqlalchemy.engine.Engine: [raw sql] ()
2025-11-14 02:14:01,122 [INFO] sqlalchemy.engine.Engine: COMMIT
2025-11-14 02:14:01,134 [INFO] ==============BLUE WARRIORS============: initilisation de rag
2025-11-14 02:14:01,135 [CRITICAL] =========== PIPELINE RAG FINALE ===============: Erreur lors de la lecture du fichier de configuration: Le fichier config.ini n'a pas pu être lu ou est vide.
2025-11-14 02:14:01,135 [ERROR] ==============BLUE WARRIORS============: Error initializing RAG chain: Le fichier config.ini n'a pas pu être lu ou est vide.
2025-11-14 02:14:04,537 [INFO] sqlalchemy.engine.Engine: BEGIN (implicit)
2025-11-14 02:14:04,538 [INFO] sqlalchemy.engine.Engine: PRAGMA main.table_info("user")
2025-11-14 02:14:04,538 [INFO] sqlalchemy.engine.Engine: [raw sql] ()
2025-11-14 02:14:04,539 [INFO] sqlalchemy.engine.Engine: PRAGMA main.table_info("patient")
2025-11-14 02:14:04,539 [INFO] sqlalchemy.engine.Engine: [raw sql] ()
2025-11-14 02:14:04,539 [INFO] sqlalchemy.engine.Engine: COMMIT
2025-11-14 02:14:04,554 [INFO] ==============BLUE WARRIORS============: initilisation de rag
2025-11-14 02:14:04,554 [CRITICAL] =========== PIPELINE RAG FINALE ===============: Erreur lors de la lecture du fichier de configuration: Le fichier config.ini n'a pas pu être lu ou est vide.
2025-11-14 02:14:04,554 [ERROR] ==============BLUE WARRIORS============: Error initializing RAG chain: Le fichier config.ini n'a pas pu être lu ou est vide.
2025-11-14 02:14:07,159 [INFO] sqlalchemy.engine.Engine: BEGIN (implicit)
2025-11-14 02:14:07,160 [INFO] sqlalchemy.engine.Engine: PRAGMA main.table_info("user")
2025-11-14 02:14:07,160 [INFO] sqlalchemy.engine.Engine: [raw sql] ()
2025-11-14 02:14:07,161 [INFO] sqlalchemy.engine.Engine: PRAGMA main.table_info("patient")
2025-11-14 02:14:07,161 [INFO] sqlalchemy.engine.Engine: [raw sql] ()
2025-11-14 02:14:07,161 [INFO] sqlalchemy.engine.Engine: COMMIT
2025-11-14 02:14:07,176 [INFO] ==============BLUE WARRIORS============: initilisation de rag
2025-11-14 02:14:07,177 [CRITICAL] =========== PIPELINE RAG FINALE ===============: Erreur lors de la lecture du fichier de configuration: Le fichier config.ini n'a pas pu être lu ou est vide.
2025-11-14 02:14:07,177 [ERROR] ==============BLUE WARRIORS============: Error initializing RAG chain: Le fichier config.ini n'a pas pu être lu ou est vide.
2025-11-14 02:16:07,304 [INFO] sqlalchemy.engine.Engine: BEGIN (implicit)
2025-11-14 02:16:07,305 [INFO] sqlalchemy.engine.Engine: PRAGMA main.table_info("user")
2025-11-14 02:16:07,305 [INFO] sqlalchemy.engine.Engine: [raw sql] ()
2025-11-14 02:16:07,306 [INFO] sqlalchemy.engine.Engine: PRAGMA main.table_info("patient")
2025-11-14 02:16:07,306 [INFO] sqlalchemy.engine.Engine: [raw sql] ()
2025-11-14 02:16:07,306 [INFO] sqlalchemy.engine.Engine: COMMIT
2025-11-14 02:16:07,317 [INFO] ==============BLUE WARRIORS============: initilisation de rag
2025-11-14 02:16:07,318 [CRITICAL] =========== PIPELINE RAG FINALE ===============: Erreur lors de la lecture du fichier de configuration: Le fichier config.ini n'a pas pu être lu ou est vide.
2025-11-14 02:16:07,318 [ERROR] ==============BLUE WARRIORS============: Error initializing RAG chain: Le fichier config.ini n'a pas pu être lu ou est vide.
2025-11-14 02:16:11,458 [INFO] sqlalchemy.engine.Engine: BEGIN (implicit)
2025-11-14 02:16:11,460 [INFO] sqlalchemy.engine.Engine: PRAGMA main.table_info("user")
2025-11-14 02:16:11,461 [INFO] sqlalchemy.engine.Engine: [raw sql] ()
2025-11-14 02:16:11,463 [INFO] sqlalchemy.engine.Engine: PRAGMA main.table_info("patient")
2025-11-14 02:16:11,464 [INFO] sqlalchemy.engine.Engine: [raw sql] ()
2025-11-14 02:16:11,465 [INFO] sqlalchemy.engine.Engine: COMMIT
2025-11-14 02:16:11,490 [INFO] ==============BLUE WARRIORS============: initilisation de rag
2025-11-14 02:16:11,491 [CRITICAL] =========== PIPELINE RAG FINALE ===============: Erreur lors de la lecture du fichier de configuration: Le fichier config.ini n'a pas pu être lu ou est vide.
2025-11-14 02:16:11,492 [ERROR] ==============BLUE WARRIORS============: Error initializing RAG chain: Le fichier config.ini n'a pas pu être lu ou est vide.
2025-11-14 02:16:15,171 [INFO] sqlalchemy.engine.Engine: BEGIN (implicit)
2025-11-14 02:16:15,172 [INFO] sqlalchemy.engine.Engine: PRAGMA main.table_info("user")
2025-11-14 02:16:15,172 [INFO] sqlalchemy.engine.Engine: [raw sql] ()
2025-11-14 02:16:15,173 [INFO] sqlalchemy.engine.Engine: PRAGMA main.table_info("patient")
2025-11-14 02:16:15,173 [INFO] sqlalchemy.engine.Engine: [raw sql] ()
2025-11-14 02:16:15,174 [INFO] sqlalchemy.engine.Engine: COMMIT
2025-11-14 02:16:15,186 [INFO] ==============BLUE WARRIORS============: initilisation de rag
2025-11-14 02:16:15,187 [CRITICAL] =========== PIPELINE RAG FINALE ===============: Erreur lors de la lecture du fichier de configuration: Le fichier config.ini n'a pas pu être lu ou est vide.
2025-11-14 02:16:15,187 [ERROR] ==============BLUE WARRIORS============: Error initializing RAG chain: Le fichier config.ini n'a pas pu être lu ou est vide.
2025-11-14 09:39:24,662 [INFO] sqlalchemy.engine.Engine: BEGIN (implicit)
2025-11-14 09:39:24,663 [INFO] sqlalchemy.engine.Engine: PRAGMA main.table_info("user")
2025-11-14 09:39:24,663 [INFO] sqlalchemy.engine.Engine: [raw sql] ()
2025-11-14 09:39:24,664 [INFO] sqlalchemy.engine.Engine: PRAGMA main.table_info("patient")
2025-11-14 09:39:24,664 [INFO] sqlalchemy.engine.Engine: [raw sql] ()
2025-11-14 09:39:24,665 [INFO] sqlalchemy.engine.Engine: COMMIT
2025-11-14 09:39:24,679 [INFO] ==============BLUE WARRIORS============: initilisation de rag
2025-11-14 09:39:24,680 [CRITICAL] =========== PIPELINE RAG FINALE ===============: Erreur lors de la lecture du fichier de configuration: Le fichier config.ini n'a pas pu être lu ou est vide.
2025-11-14 09:39:24,680 [ERROR] ==============BLUE WARRIORS============: Error initializing RAG chain: Le fichier config.ini n'a pas pu être lu ou est vide.
2025-11-14 09:45:29,187 [INFO] sqlalchemy.engine.Engine: BEGIN (implicit)
2025-11-14 09:45:29,188 [INFO] sqlalchemy.engine.Engine: PRAGMA main.table_info("user")
2025-11-14 09:45:29,189 [INFO] sqlalchemy.engine.Engine: [raw sql] ()
2025-11-14 09:45:29,189 [INFO] sqlalchemy.engine.Engine: PRAGMA main.table_info("patient")
2025-11-14 09:45:29,190 [INFO] sqlalchemy.engine.Engine: [raw sql] ()
2025-11-14 09:45:29,190 [INFO] sqlalchemy.engine.Engine: COMMIT
2025-11-14 09:45:29,203 [INFO] ==============BLUE WARRIORS============: initilisation de rag
2025-11-14 09:45:29,203 [CRITICAL] =========== PIPELINE RAG FINALE ===============: Erreur lors de la lecture du fichier de configuration: Le fichier config.ini n'a pas pu être lu ou est vide.
2025-11-14 09:45:29,204 [ERROR] ==============BLUE WARRIORS============: Error initializing RAG chain: Le fichier config.ini n'a pas pu être lu ou est vide.
2025-11-14 09:48:04,709 [INFO] sqlalchemy.engine.Engine: BEGIN (implicit)
2025-11-14 09:48:04,709 [INFO] sqlalchemy.engine.Engine: PRAGMA main.table_info("user")
2025-11-14 09:48:04,710 [INFO] sqlalchemy.engine.Engine: [raw sql] ()
2025-11-14 09:48:04,711 [INFO] sqlalchemy.engine.Engine: PRAGMA main.table_info("patient")
2025-11-14 09:48:04,711 [INFO] sqlalchemy.engine.Engine: [raw sql] ()
2025-11-14 09:48:04,712 [INFO] sqlalchemy.engine.Engine: COMMIT
2025-11-14 09:48:04,726 [INFO] ==============BLUE WARRIORS============: initilisation de rag
2025-11-14 09:48:04,726 [CRITICAL] =========== PIPELINE RAG FINALE ===============: Erreur lors de la lecture du fichier de configuration: Le fichier config.ini n'a pas pu être lu ou est vide.
2025-11-14 09:48:04,726 [ERROR] ==============BLUE WARRIORS============: Error initializing RAG chain: Le fichier config.ini n'a pas pu être lu ou est vide.
2025-11-14 11:13:51,032 [INFO] sqlalchemy.engine.Engine: BEGIN (implicit)
2025-11-14 11:13:51,032 [INFO] sqlalchemy.engine.Engine: PRAGMA main.table_info("user")
2025-11-14 11:13:51,033 [INFO] sqlalchemy.engine.Engine: [raw sql] ()
2025-11-14 11:13:51,033 [INFO] sqlalchemy.engine.Engine: PRAGMA main.table_info("patient")
2025-11-14 11:13:51,034 [INFO] sqlalchemy.engine.Engine: [raw sql] ()
2025-11-14 11:13:51,034 [INFO] sqlalchemy.engine.Engine: COMMIT
2025-11-14 11:13:51,044 [INFO] ==============BLUE WARRIORS============: initilisation de rag
2025-11-14 11:13:51,044 [CRITICAL] =========== PIPELINE RAG FINALE ===============: Erreur lors de la lecture du fichier de configuration: Le fichier config.ini n'a pas pu être lu ou est vide.
2025-11-14 11:13:51,044 [ERROR] ==============BLUE WARRIORS============: Error initializing RAG chain: Le fichier config.ini n'a pas pu être lu ou est vide.
2025-11-14 11:13:53,237 [INFO] sqlalchemy.engine.Engine: BEGIN (implicit)
2025-11-14 11:13:53,237 [INFO] sqlalchemy.engine.Engine: PRAGMA main.table_info("user")
2025-11-14 11:13:53,237 [INFO] sqlalchemy.engine.Engine: [raw sql] ()
2025-11-14 11:13:53,238 [INFO] sqlalchemy.engine.Engine: PRAGMA main.table_info("patient")
2025-11-14 11:13:53,238 [INFO] sqlalchemy.engine.Engine: [raw sql] ()
2025-11-14 11:13:53,239 [INFO] sqlalchemy.engine.Engine: COMMIT
2025-11-14 11:13:53,249 [INFO] ==============BLUE WARRIORS============: initilisation de rag
2025-11-14 11:13:53,249 [CRITICAL] =========== PIPELINE RAG FINALE ===============: Erreur lors de la lecture du fichier de configuration: Le fichier config.ini n'a pas pu être lu ou est vide.
2025-11-14 11:13:53,250 [ERROR] ==============BLUE WARRIORS============: Error initializing RAG chain: Le fichier config.ini n'a pas pu être lu ou est vide.
2025-11-14 11:14:29,677 [INFO] sqlalchemy.engine.Engine: BEGIN (implicit)
2025-11-14 11:14:29,677 [INFO] sqlalchemy.engine.Engine: PRAGMA main.table_info("user")
2025-11-14 11:14:29,677 [INFO] sqlalchemy.engine.Engine: [raw sql] ()
2025-11-14 11:14:29,680 [INFO] sqlalchemy.engine.Engine: PRAGMA main.table_info("patient")
2025-11-14 11:14:29,681 [INFO] sqlalchemy.engine.Engine: [raw sql] ()
2025-11-14 11:14:29,682 [INFO] sqlalchemy.engine.Engine: COMMIT
2025-11-14 11:14:29,703 [INFO] ==============BLUE WARRIORS============: initilisation de rag
2025-11-14 11:14:29,703 [CRITICAL] =========== PIPELINE RAG FINALE ===============: Erreur lors de la lecture du fichier de configuration: Le fichier config.ini n'a pas pu être lu ou est vide.
2025-11-14 11:14:29,704 [ERROR] ==============BLUE WARRIORS============: Error initializing RAG chain: Le fichier config.ini n'a pas pu être lu ou est vide.
2025-11-14 11:14:34,937 [INFO] sqlalchemy.engine.Engine: BEGIN (implicit)
2025-11-14 11:14:34,937 [INFO] sqlalchemy.engine.Engine: PRAGMA main.table_info("user")
2025-11-14 11:14:34,938 [INFO] sqlalchemy.engine.Engine: [raw sql] ()
2025-11-14 11:14:34,938 [INFO] sqlalchemy.engine.Engine: PRAGMA main.table_info("patient")
2025-11-14 11:14:34,939 [INFO] sqlalchemy.engine.Engine: [raw sql] ()
2025-11-14 11:14:34,939 [INFO] sqlalchemy.engine.Engine: COMMIT
2025-11-14 11:14:34,952 [INFO] ==============BLUE WARRIORS============: initilisation de rag
2025-11-14 11:14:34,952 [CRITICAL] =========== PIPELINE RAG FINALE ===============: Erreur lors de la lecture du fichier de configuration: Le fichier config.ini n'a pas pu être lu ou est vide.
2025-11-14 11:14:34,953 [ERROR] ==============BLUE WARRIORS============: Error initializing RAG chain: Le fichier config.ini n'a pas pu être lu ou est vide.
2025-11-14 11:14:47,908 [INFO] sqlalchemy.engine.Engine: BEGIN (implicit)
2025-11-14 11:14:47,909 [INFO] sqlalchemy.engine.Engine: PRAGMA main.table_info("user")
2025-11-14 11:14:47,909 [INFO] sqlalchemy.engine.Engine: [raw sql] ()
2025-11-14 11:14:47,910 [INFO] sqlalchemy.engine.Engine: PRAGMA main.table_info("patient")
2025-11-14 11:14:47,911 [INFO] sqlalchemy.engine.Engine: [raw sql] ()
2025-11-14 11:14:47,912 [INFO] sqlalchemy.engine.Engine: COMMIT
2025-11-14 11:14:47,932 [INFO] ==============BLUE WARRIORS============: initilisation de rag
2025-11-14 11:14:47,933 [CRITICAL] =========== PIPELINE RAG FINALE ===============: Erreur lors de la lecture du fichier de configuration: Le fichier config.ini n'a pas pu être lu ou est vide.
2025-11-14 11:14:47,933 [ERROR] ==============BLUE WARRIORS============: Error initializing RAG chain: Le fichier config.ini n'a pas pu être lu ou est vide.
2025-11-14 11:14:53,954 [INFO] sqlalchemy.engine.Engine: BEGIN (implicit)
2025-11-14 11:14:53,954 [INFO] sqlalchemy.engine.Engine: PRAGMA main.table_info("user")
2025-11-14 11:14:53,954 [INFO] sqlalchemy.engine.Engine: [raw sql] ()
2025-11-14 11:14:53,955 [INFO] sqlalchemy.engine.Engine: PRAGMA main.table_info("patient")
2025-11-14 11:14:53,955 [INFO] sqlalchemy.engine.Engine: [raw sql] ()
2025-11-14 11:14:53,956 [INFO] sqlalchemy.engine.Engine: COMMIT
2025-11-14 11:14:53,966 [INFO] ==============BLUE WARRIORS============: initilisation de rag
2025-11-14 11:14:53,966 [CRITICAL] =========== PIPELINE RAG FINALE ===============: Erreur lors de la lecture du fichier de configuration: Le fichier config.ini n'a pas pu être lu ou est vide.
2025-11-14 11:14:53,966 [ERROR] ==============BLUE WARRIORS============: Error initializing RAG chain: Le fichier config.ini n'a pas pu être lu ou est vide.
2025-11-14 11:14:58,342 [INFO] sqlalchemy.engine.Engine: BEGIN (implicit)
2025-11-14 11:14:58,342 [INFO] sqlalchemy.engine.Engine: PRAGMA main.table_info("user")
2025-11-14 11:14:58,342 [INFO] sqlalchemy.engine.Engine: [raw sql] ()
2025-11-14 11:14:58,343 [INFO] sqlalchemy.engine.Engine: PRAGMA main.table_info("patient")
2025-11-14 11:14:58,343 [INFO] sqlalchemy.engine.Engine: [raw sql] ()
2025-11-14 11:14:58,344 [INFO] sqlalchemy.engine.Engine: COMMIT
2025-11-14 11:14:58,364 [INFO] ==============BLUE WARRIORS============: initilisation de rag
2025-11-14 11:14:58,365 [CRITICAL] =========== PIPELINE RAG FINALE ===============: Erreur lors de la lecture du fichier de configuration: Le fichier config.ini n'a pas pu être lu ou est vide.
2025-11-14 11:14:58,365 [ERROR] ==============BLUE WARRIORS============: Error initializing RAG chain: Le fichier config.ini n'a pas pu être lu ou est vide.
2025-11-14 11:15:01,170 [INFO] sqlalchemy.engine.Engine: BEGIN (implicit)
2025-11-14 11:15:01,171 [INFO] sqlalchemy.engine.Engine: PRAGMA main.table_info("user")
2025-11-14 11:15:01,171 [INFO] sqlalchemy.engine.Engine: [raw sql] ()
2025-11-14 11:15:01,172 [INFO] sqlalchemy.engine.Engine: PRAGMA main.table_info("patient")
2025-11-14 11:15:01,172 [INFO] sqlalchemy.engine.Engine: [raw sql] ()
2025-11-14 11:15:01,173 [INFO] sqlalchemy.engine.Engine: COMMIT
2025-11-14 11:15:01,186 [INFO] ==============BLUE WARRIORS============: initilisation de rag
2025-11-14 11:15:01,186 [CRITICAL] =========== PIPELINE RAG FINALE ===============: Erreur lors de la lecture du fichier de configuration: Le fichier config.ini n'a pas pu être lu ou est vide.
2025-11-14 11:15:01,187 [ERROR] ==============BLUE WARRIORS============: Error initializing RAG chain: Le fichier config.ini n'a pas pu être lu ou est vide.
2025-11-14 11:15:03,714 [INFO] sqlalchemy.engine.Engine: BEGIN (implicit)
2025-11-14 11:15:03,715 [INFO] sqlalchemy.engine.Engine: PRAGMA main.table_info("user")
2025-11-14 11:15:03,715 [INFO] sqlalchemy.engine.Engine: [raw sql] ()
2025-11-14 11:15:03,716 [INFO] sqlalchemy.engine.Engine: PRAGMA main.table_info("patient")
2025-11-14 11:15:03,716 [INFO] sqlalchemy.engine.Engine: [raw sql] ()
2025-11-14 11:15:03,717 [INFO] sqlalchemy.engine.Engine: COMMIT
2025-11-14 11:15:03,740 [INFO] ==============BLUE WARRIORS============: initilisation de rag
2025-11-14 11:15:03,741 [CRITICAL] =========== PIPELINE RAG FINALE ===============: Erreur lors de la lecture du fichier de configuration: Le fichier config.ini n'a pas pu être lu ou est vide.
2025-11-14 11:15:03,741 [ERROR] ==============BLUE WARRIORS============: Error initializing RAG chain: Le fichier config.ini n'a pas pu être lu ou est vide.
2025-11-14 11:15:21,182 [INFO] sqlalchemy.engine.Engine: BEGIN (implicit)
2025-11-14 11:15:21,183 [INFO] sqlalchemy.engine.Engine: PRAGMA main.table_info("user")
2025-11-14 11:15:21,183 [INFO] sqlalchemy.engine.Engine: [raw sql] ()
2025-11-14 11:15:21,184 [INFO] sqlalchemy.engine.Engine: PRAGMA main.table_info("patient")
2025-11-14 11:15:21,184 [INFO] sqlalchemy.engine.Engine: [raw sql] ()
2025-11-14 11:15:21,184 [INFO] sqlalchemy.engine.Engine: COMMIT
2025-11-14 11:15:21,195 [INFO] ==============BLUE WARRIORS============: initilisation de rag
2025-11-14 11:15:21,196 [CRITICAL] =========== PIPELINE RAG FINALE ===============: Erreur lors de la lecture du fichier de configuration: Le fichier config.ini n'a pas pu être lu ou est vide.
2025-11-14 11:15:21,196 [ERROR] ==============BLUE WARRIORS============: Error initializing RAG chain: Le fichier config.ini n'a pas pu être lu ou est vide.
2025-11-14 11:15:24,410 [INFO] sqlalchemy.engine.Engine: BEGIN (implicit)
2025-11-14 11:15:24,410 [INFO] sqlalchemy.engine.Engine: PRAGMA main.table_info("user")
2025-11-14 11:15:24,410 [INFO] sqlalchemy.engine.Engine: [raw sql] ()
2025-11-14 11:15:24,411 [INFO] sqlalchemy.engine.Engine: PRAGMA main.table_info("patient")
2025-11-14 11:15:24,411 [INFO] sqlalchemy.engine.Engine: [raw sql] ()
2025-11-14 11:15:24,411 [INFO] sqlalchemy.engine.Engine: COMMIT
2025-11-14 11:15:24,421 [INFO] ==============BLUE WARRIORS============: initilisation de rag
2025-11-14 11:15:24,422 [CRITICAL] =========== PIPELINE RAG FINALE ===============: Erreur lors de la lecture du fichier de configuration: Le fichier config.ini n'a pas pu être lu ou est vide.
2025-11-14 11:15:24,422 [ERROR] ==============BLUE WARRIORS============: Error initializing RAG chain: Le fichier config.ini n'a pas pu être lu ou est vide.
2025-11-14 11:15:38,301 [INFO] sqlalchemy.engine.Engine: BEGIN (implicit)
2025-11-14 11:15:38,301 [INFO] sqlalchemy.engine.Engine: PRAGMA main.table_info("user")
2025-11-14 11:15:38,302 [INFO] sqlalchemy.engine.Engine: [raw sql] ()
2025-11-14 11:15:38,302 [INFO] sqlalchemy.engine.Engine: PRAGMA main.table_info("patient")
2025-11-14 11:15:38,302 [INFO] sqlalchemy.engine.Engine: [raw sql] ()
2025-11-14 11:15:38,303 [INFO] sqlalchemy.engine.Engine: COMMIT
2025-11-14 11:15:38,312 [INFO] ==============BLUE WARRIORS============: initilisation de rag
2025-11-14 11:15:38,313 [CRITICAL] =========== PIPELINE RAG FINALE ===============: Erreur lors de la lecture du fichier de configuration: Le fichier config.ini n'a pas pu être lu ou est vide.
2025-11-14 11:15:38,313 [ERROR] ==============BLUE WARRIORS============: Error initializing RAG chain: Le fichier config.ini n'a pas pu être lu ou est vide.
2025-11-14 11:15:41,379 [INFO] sqlalchemy.engine.Engine: BEGIN (implicit)
2025-11-14 11:15:41,379 [INFO] sqlalchemy.engine.Engine: PRAGMA main.table_info("user")
2025-11-14 11:15:41,380 [INFO] sqlalchemy.engine.Engine: [raw sql] ()
2025-11-14 11:15:41,380 [INFO] sqlalchemy.engine.Engine: PRAGMA main.table_info("patient")
2025-11-14 11:15:41,381 [INFO] sqlalchemy.engine.Engine: [raw sql] ()
2025-11-14 11:15:41,381 [INFO] sqlalchemy.engine.Engine: COMMIT
2025-11-14 11:15:41,393 [INFO] ==============BLUE WARRIORS============: initilisation de rag
2025-11-14 11:15:41,393 [CRITICAL] =========== PIPELINE RAG FINALE ===============: Erreur lors de la lecture du fichier de configuration: Le fichier config.ini n'a pas pu être lu ou est vide.
2025-11-14 11:15:41,393 [ERROR] ==============BLUE WARRIORS============: Error initializing RAG chain: Le fichier config.ini n'a pas pu être lu ou est vide.
2025-11-14 11:15:55,066 [INFO] sqlalchemy.engine.Engine: BEGIN (implicit)
2025-11-14 11:15:55,067 [INFO] sqlalchemy.engine.Engine: PRAGMA main.table_info("user")
2025-11-14 11:15:55,067 [INFO] sqlalchemy.engine.Engine: [raw sql] ()
2025-11-14 11:15:55,068 [INFO] sqlalchemy.engine.Engine: PRAGMA main.table_info("patient")
2025-11-14 11:15:55,068 [INFO] sqlalchemy.engine.Engine: [raw sql] ()
2025-11-14 11:15:55,068 [INFO] sqlalchemy.engine.Engine: COMMIT
2025-11-14 11:15:55,078 [INFO] ==============BLUE WARRIORS============: initilisation de rag
2025-11-14 11:15:55,078 [CRITICAL] =========== PIPELINE RAG FINALE ===============: Erreur lors de la lecture du fichier de configuration: Le fichier config.ini n'a pas pu être lu ou est vide.
2025-11-14 11:15:55,078 [ERROR] ==============BLUE WARRIORS============: Error initializing RAG chain: Le fichier config.ini n'a pas pu être lu ou est vide.
2025-11-14 11:15:58,091 [INFO] sqlalchemy.engine.Engine: BEGIN (implicit)
2025-11-14 11:15:58,092 [INFO] sqlalchemy.engine.Engine: PRAGMA main.table_info("user")
2025-11-14 11:15:58,092 [INFO] sqlalchemy.engine.Engine: [raw sql] ()
2025-11-14 11:15:58,093 [INFO] sqlalchemy.engine.Engine: PRAGMA main.table_info("patient")
2025-11-14 11:15:58,093 [INFO] sqlalchemy.engine.Engine: [raw sql] ()
2025-11-14 11:15:58,093 [INFO] sqlalchemy.engine.Engine: COMMIT
2025-11-14 11:15:58,103 [INFO] ==============BLUE WARRIORS============: initilisation de rag
2025-11-14 11:15:58,103 [CRITICAL] =========== PIPELINE RAG FINALE ===============: Erreur lors de la lecture du fichier de configuration: Le fichier config.ini n'a pas pu être lu ou est vide.
2025-11-14 11:15:58,103 [ERROR] ==============BLUE WARRIORS============: Error initializing RAG chain: Le fichier config.ini n'a pas pu être lu ou est vide.
2025-11-14 11:16:09,495 [INFO] sqlalchemy.engine.Engine: BEGIN (implicit)
2025-11-14 11:16:09,495 [INFO] sqlalchemy.engine.Engine: PRAGMA main.table_info("user")
2025-11-14 11:16:09,495 [INFO] sqlalchemy.engine.Engine: [raw sql] ()
2025-11-14 11:16:09,496 [INFO] sqlalchemy.engine.Engine: PRAGMA main.table_info("patient")
2025-11-14 11:16:09,497 [INFO] sqlalchemy.engine.Engine: [raw sql] ()
2025-11-14 11:16:09,497 [INFO] sqlalchemy.engine.Engine: COMMIT
2025-11-14 11:16:09,509 [INFO] ==============BLUE WARRIORS============: initilisation de rag
2025-11-14 11:16:09,509 [CRITICAL] =========== PIPELINE RAG FINALE ===============: Erreur lors de la lecture du fichier de configuration: Le fichier config.ini n'a pas pu être lu ou est vide.
2025-11-14 11:16:09,510 [ERROR] ==============BLUE WARRIORS============: Error initializing RAG chain: Le fichier config.ini n'a pas pu être lu ou est vide.
2025-11-14 11:16:14,769 [INFO] sqlalchemy.engine.Engine: BEGIN (implicit)
2025-11-14 11:16:14,770 [INFO] sqlalchemy.engine.Engine: PRAGMA main.table_info("user")
2025-11-14 11:16:14,771 [INFO] sqlalchemy.engine.Engine: [raw sql] ()
2025-11-14 11:16:14,773 [INFO] sqlalchemy.engine.Engine: PRAGMA main.table_info("patient")
2025-11-14 11:16:14,774 [INFO] sqlalchemy.engine.Engine: [raw sql] ()
2025-11-14 11:16:14,775 [INFO] sqlalchemy.engine.Engine: COMMIT
2025-11-14 11:16:14,794 [INFO] ==============BLUE WARRIORS============: initilisation de rag
2025-11-14 11:16:14,795 [CRITICAL] =========== PIPELINE RAG FINALE ===============: Erreur lors de la lecture du fichier de configuration: Le fichier config.ini n'a pas pu être lu ou est vide.
2025-11-14 11:16:14,795 [ERROR] ==============BLUE WARRIORS============: Error initializing RAG chain: Le fichier config.ini n'a pas pu être lu ou est vide.
2025-11-14 11:16:19,108 [INFO] sqlalchemy.engine.Engine: BEGIN (implicit)
2025-11-14 11:16:19,109 [INFO] sqlalchemy.engine.Engine: PRAGMA main.table_info("user")
2025-11-14 11:16:19,109 [INFO] sqlalchemy.engine.Engine: [raw sql] ()
2025-11-14 11:16:19,110 [INFO] sqlalchemy.engine.Engine: PRAGMA main.table_info("patient")
2025-11-14 11:16:19,110 [INFO] sqlalchemy.engine.Engine: [raw sql] ()
2025-11-14 11:16:19,111 [INFO] sqlalchemy.engine.Engine: COMMIT
2025-11-14 11:16:19,125 [INFO] ==============BLUE WARRIORS============: initilisation de rag
2025-11-14 11:16:19,126 [CRITICAL] =========== PIPELINE RAG FINALE ===============: Erreur lors de la lecture du fichier de configuration: Le fichier config.ini n'a pas pu être lu ou est vide.
2025-11-14 11:16:19,126 [ERROR] ==============BLUE WARRIORS============: Error initializing RAG chain: Le fichier config.ini n'a pas pu être lu ou est vide.
2025-11-14 11:16:25,385 [INFO] sqlalchemy.engine.Engine: BEGIN (implicit)
2025-11-14 11:16:25,390 [INFO] sqlalchemy.engine.Engine: PRAGMA main.table_info("user")
2025-11-14 11:16:25,390 [INFO] sqlalchemy.engine.Engine: [raw sql] ()
2025-11-14 11:16:25,395 [INFO] sqlalchemy.engine.Engine: PRAGMA main.table_info("patient")
2025-11-14 11:16:25,397 [INFO] sqlalchemy.engine.Engine: [raw sql] ()
2025-11-14 11:16:25,399 [INFO] sqlalchemy.engine.Engine: COMMIT
2025-11-14 11:16:25,420 [INFO] ==============BLUE WARRIORS============: initilisation de rag
2025-11-14 11:16:25,422 [CRITICAL] =========== PIPELINE RAG FINALE ===============: Erreur lors de la lecture du fichier de configuration: Le fichier config.ini n'a pas pu être lu ou est vide.
2025-11-14 11:16:25,423 [ERROR] ==============BLUE WARRIORS============: Error initializing RAG chain: Le fichier config.ini n'a pas pu être lu ou est vide.
2025-11-14 11:16:34,405 [INFO] sqlalchemy.engine.Engine: BEGIN (implicit)
2025-11-14 11:16:34,433 [INFO] sqlalchemy.engine.Engine: PRAGMA main.table_info("user")
2025-11-14 11:16:34,434 [INFO] sqlalchemy.engine.Engine: [raw sql] ()
2025-11-14 11:16:34,440 [INFO] sqlalchemy.engine.Engine: PRAGMA main.table_info("patient")
2025-11-14 11:16:34,441 [INFO] sqlalchemy.engine.Engine: [raw sql] ()
2025-11-14 11:16:34,441 [INFO] sqlalchemy.engine.Engine: COMMIT
2025-11-14 11:16:34,457 [INFO] ==============BLUE WARRIORS============: initilisation de rag
2025-11-14 11:16:34,464 [CRITICAL] =========== PIPELINE RAG FINALE ===============: Erreur lors de la lecture du fichier de configuration: Le fichier config.ini n'a pas pu être lu ou est vide.
2025-11-14 11:16:34,465 [ERROR] ==============BLUE WARRIORS============: Error initializing RAG chain: Le fichier config.ini n'a pas pu être lu ou est vide.
2025-11-14 11:16:49,107 [INFO] sqlalchemy.engine.Engine: BEGIN (implicit)
2025-11-14 11:16:49,184 [INFO] sqlalchemy.engine.Engine: PRAGMA main.table_info("user")
2025-11-14 11:16:49,184 [INFO] sqlalchemy.engine.Engine: [raw sql] ()
2025-11-14 11:16:49,195 [INFO] sqlalchemy.engine.Engine: PRAGMA main.table_info("patient")
2025-11-14 11:16:49,195 [INFO] sqlalchemy.engine.Engine: [raw sql] ()
2025-11-14 11:16:49,196 [INFO] sqlalchemy.engine.Engine: COMMIT
2025-11-14 11:16:49,291 [INFO] ==============BLUE WARRIORS============: initilisation de rag
2025-11-14 11:16:49,313 [CRITICAL] =========== PIPELINE RAG FINALE ===============: Erreur lors de la lecture du fichier de configuration: Le fichier config.ini n'a pas pu être lu ou est vide.
2025-11-14 11:16:49,317 [ERROR] ==============BLUE WARRIORS============: Error initializing RAG chain: Le fichier config.ini n'a pas pu être lu ou est vide.
2025-11-14 11:17:01,481 [INFO] sqlalchemy.engine.Engine: BEGIN (implicit)
2025-11-14 11:17:01,519 [INFO] sqlalchemy.engine.Engine: PRAGMA main.table_info("user")
2025-11-14 11:17:01,519 [INFO] sqlalchemy.engine.Engine: [raw sql] ()
2025-11-14 11:17:01,525 [INFO] sqlalchemy.engine.Engine: PRAGMA main.table_info("patient")
2025-11-14 11:17:01,526 [INFO] sqlalchemy.engine.Engine: [raw sql] ()
2025-11-14 11:17:01,526 [INFO] sqlalchemy.engine.Engine: COMMIT
2025-11-14 11:17:01,570 [INFO] ==============BLUE WARRIORS============: initilisation de rag
2025-11-14 11:17:01,580 [CRITICAL] =========== PIPELINE RAG FINALE ===============: Erreur lors de la lecture du fichier de configuration: Le fichier config.ini n'a pas pu être lu ou est vide.
2025-11-14 11:17:01,581 [ERROR] ==============BLUE WARRIORS============: Error initializing RAG chain: Le fichier config.ini n'a pas pu être lu ou est vide.
2025-11-14 11:17:09,168 [INFO] sqlalchemy.engine.Engine: BEGIN (implicit)
2025-11-14 11:17:09,189 [INFO] sqlalchemy.engine.Engine: PRAGMA main.table_info("user")
2025-11-14 11:17:09,190 [INFO] sqlalchemy.engine.Engine: [raw sql] ()
2025-11-14 11:17:09,194 [INFO] sqlalchemy.engine.Engine: PRAGMA main.table_info("patient")
2025-11-14 11:17:09,194 [INFO] sqlalchemy.engine.Engine: [raw sql] ()
2025-11-14 11:17:09,196 [INFO] sqlalchemy.engine.Engine: COMMIT
2025-11-14 11:17:09,218 [INFO] ==============BLUE WARRIORS============: initilisation de rag
2025-11-14 11:17:09,219 [CRITICAL] =========== PIPELINE RAG FINALE ===============: Erreur lors de la lecture du fichier de configuration: Le fichier config.ini n'a pas pu être lu ou est vide.
2025-11-14 11:17:09,220 [ERROR] ==============BLUE WARRIORS============: Error initializing RAG chain: Le fichier config.ini n'a pas pu être lu ou est vide.
2025-11-14 11:18:46,533 [INFO] sqlalchemy.engine.Engine: BEGIN (implicit)
2025-11-14 11:18:46,534 [INFO] sqlalchemy.engine.Engine: PRAGMA main.table_info("user")
2025-11-14 11:18:46,534 [INFO] sqlalchemy.engine.Engine: [raw sql] ()
2025-11-14 11:18:46,535 [INFO] sqlalchemy.engine.Engine: PRAGMA main.table_info("patient")
2025-11-14 11:18:46,535 [INFO] sqlalchemy.engine.Engine: [raw sql] ()
2025-11-14 11:18:46,536 [INFO] sqlalchemy.engine.Engine: COMMIT
2025-11-14 11:18:46,552 [INFO] ==============BLUE WARRIORS============: initilisation de rag
2025-11-14 11:18:46,552 [CRITICAL] =========== PIPELINE RAG FINALE ===============: Erreur lors de la lecture du fichier de configuration: Le fichier config.ini n'a pas pu être lu ou est vide.
2025-11-14 11:18:46,553 [ERROR] ==============BLUE WARRIORS============: Error initializing RAG chain: Le fichier config.ini n'a pas pu être lu ou est vide.
2025-11-14 11:18:59,791 [INFO] sqlalchemy.engine.Engine: BEGIN (implicit)
2025-11-14 11:18:59,791 [INFO] sqlalchemy.engine.Engine: PRAGMA main.table_info("user")
2025-11-14 11:18:59,791 [INFO] sqlalchemy.engine.Engine: [raw sql] ()
2025-11-14 11:18:59,792 [INFO] sqlalchemy.engine.Engine: PRAGMA main.table_info("patient")
2025-11-14 11:18:59,792 [INFO] sqlalchemy.engine.Engine: [raw sql] ()
2025-11-14 11:18:59,793 [INFO] sqlalchemy.engine.Engine: COMMIT
2025-11-14 11:18:59,802 [INFO] ==============BLUE WARRIORS============: initilisation de rag
2025-11-14 11:18:59,803 [CRITICAL] =========== PIPELINE RAG FINALE ===============: Erreur lors de la lecture du fichier de configuration: Le fichier config.ini n'a pas pu être lu ou est vide.
2025-11-14 11:18:59,803 [ERROR] ==============BLUE WARRIORS============: Error initializing RAG chain: Le fichier config.ini n'a pas pu être lu ou est vide.
2025-11-14 11:19:35,601 [INFO] sqlalchemy.engine.Engine: BEGIN (implicit)
2025-11-14 11:19:35,601 [INFO] sqlalchemy.engine.Engine: PRAGMA main.table_info("user")
2025-11-14 11:19:35,602 [INFO] sqlalchemy.engine.Engine: [raw sql] ()
2025-11-14 11:19:35,602 [INFO] sqlalchemy.engine.Engine: PRAGMA main.table_info("patient")
2025-11-14 11:19:35,603 [INFO] sqlalchemy.engine.Engine: [raw sql] ()
2025-11-14 11:19:35,603 [INFO] sqlalchemy.engine.Engine: COMMIT
2025-11-14 11:19:35,614 [INFO] ==============BLUE WARRIORS============: initilisation de rag
2025-11-14 11:19:35,614 [CRITICAL] =========== PIPELINE RAG FINALE ===============: Erreur lors de la lecture du fichier de configuration: Le fichier config.ini n'a pas pu être lu ou est vide.
2025-11-14 11:19:35,615 [ERROR] ==============BLUE WARRIORS============: Error initializing RAG chain: Le fichier config.ini n'a pas pu être lu ou est vide.
2025-11-14 11:19:51,785 [INFO] sqlalchemy.engine.Engine: BEGIN (implicit)
2025-11-14 11:19:51,785 [INFO] sqlalchemy.engine.Engine: PRAGMA main.table_info("user")
2025-11-14 11:19:51,786 [INFO] sqlalchemy.engine.Engine: [raw sql] ()
2025-11-14 11:19:51,786 [INFO] sqlalchemy.engine.Engine: PRAGMA main.table_info("patient")
2025-11-14 11:19:51,786 [INFO] sqlalchemy.engine.Engine: [raw sql] ()
2025-11-14 11:19:51,787 [INFO] sqlalchemy.engine.Engine: COMMIT
2025-11-14 11:19:51,796 [INFO] ==============BLUE WARRIORS============: initilisation de rag
2025-11-14 11:19:51,797 [CRITICAL] =========== PIPELINE RAG FINALE ===============: Erreur lors de la lecture du fichier de configuration: Le fichier config.ini n'a pas pu être lu ou est vide.
2025-11-14 11:19:51,797 [ERROR] ==============BLUE WARRIORS============: Error initializing RAG chain: Le fichier config.ini n'a pas pu être lu ou est vide.
2025-11-14 11:19:53,952 [INFO] sqlalchemy.engine.Engine: BEGIN (implicit)
2025-11-14 11:19:53,953 [INFO] sqlalchemy.engine.Engine: PRAGMA main.table_info("user")
2025-11-14 11:19:53,953 [INFO] sqlalchemy.engine.Engine: [raw sql] ()
2025-11-14 11:19:53,954 [INFO] sqlalchemy.engine.Engine: PRAGMA main.table_info("patient")
2025-11-14 11:19:53,954 [INFO] sqlalchemy.engine.Engine: [raw sql] ()
2025-11-14 11:19:53,954 [INFO] sqlalchemy.engine.Engine: COMMIT
2025-11-14 11:19:53,964 [INFO] ==============BLUE WARRIORS============: initilisation de rag
2025-11-14 11:19:53,964 [CRITICAL] =========== PIPELINE RAG FINALE ===============: Erreur lors de la lecture du fichier de configuration: Le fichier config.ini n'a pas pu être lu ou est vide.
2025-11-14 11:19:53,964 [ERROR] ==============BLUE WARRIORS============: Error initializing RAG chain: Le fichier config.ini n'a pas pu être lu ou est vide.
2025-11-14 11:20:29,407 [INFO] sqlalchemy.engine.Engine: BEGIN (implicit)
2025-11-14 11:20:29,408 [INFO] sqlalchemy.engine.Engine: PRAGMA main.table_info("user")
2025-11-14 11:20:29,408 [INFO] sqlalchemy.engine.Engine: [raw sql] ()
2025-11-14 11:20:29,409 [INFO] sqlalchemy.engine.Engine: PRAGMA main.table_info("patient")
2025-11-14 11:20:29,409 [INFO] sqlalchemy.engine.Engine: [raw sql] ()
2025-11-14 11:20:29,409 [INFO] sqlalchemy.engine.Engine: COMMIT
2025-11-14 11:20:29,419 [INFO] ==============BLUE WARRIORS============: initilisation de rag
2025-11-14 11:20:29,420 [CRITICAL] =========== PIPELINE RAG FINALE ===============: Erreur lors de la lecture du fichier de configuration: Le fichier config.ini n'a pas pu être lu ou est vide.
2025-11-14 11:20:29,420 [ERROR] ==============BLUE WARRIORS============: Error initializing RAG chain: Le fichier config.ini n'a pas pu être lu ou est vide.
2025-11-14 11:20:46,134 [INFO] sqlalchemy.engine.Engine: BEGIN (implicit)
2025-11-14 11:20:46,134 [INFO] sqlalchemy.engine.Engine: PRAGMA main.table_info("user")
2025-11-14 11:20:46,134 [INFO] sqlalchemy.engine.Engine: [raw sql] ()
2025-11-14 11:20:46,135 [INFO] sqlalchemy.engine.Engine: PRAGMA main.table_info("patient")
2025-11-14 11:20:46,135 [INFO] sqlalchemy.engine.Engine: [raw sql] ()
2025-11-14 11:20:46,136 [INFO] sqlalchemy.engine.Engine: COMMIT
2025-11-14 11:20:46,153 [INFO] ==============BLUE WARRIORS============: initilisation de rag
2025-11-14 11:20:46,153 [CRITICAL] =========== PIPELINE RAG FINALE ===============: Erreur lors de la lecture du fichier de configuration: Le fichier config.ini n'a pas pu être lu ou est vide.
2025-11-14 11:20:46,154 [ERROR] ==============BLUE WARRIORS============: Error initializing RAG chain: Le fichier config.ini n'a pas pu être lu ou est vide.
2025-11-14 11:20:52,323 [INFO] sqlalchemy.engine.Engine: BEGIN (implicit)
2025-11-14 11:20:52,324 [INFO] sqlalchemy.engine.Engine: PRAGMA main.table_info("user")
2025-11-14 11:20:52,325 [INFO] sqlalchemy.engine.Engine: [raw sql] ()
2025-11-14 11:20:52,328 [INFO] sqlalchemy.engine.Engine: PRAGMA main.table_info("patient")
2025-11-14 11:20:52,330 [INFO] sqlalchemy.engine.Engine: [raw sql] ()
2025-11-14 11:20:52,333 [INFO] sqlalchemy.engine.Engine: COMMIT
2025-11-14 11:20:52,361 [INFO] ==============BLUE WARRIORS============: initilisation de rag
2025-11-14 11:20:52,363 [CRITICAL] =========== PIPELINE RAG FINALE ===============: Erreur lors de la lecture du fichier de configuration: Le fichier config.ini n'a pas pu être lu ou est vide.
2025-11-14 11:20:52,363 [ERROR] ==============BLUE WARRIORS============: Error initializing RAG chain: Le fichier config.ini n'a pas pu être lu ou est vide.
2025-11-14 11:20:59,436 [INFO] sqlalchemy.engine.Engine: BEGIN (implicit)
2025-11-14 11:20:59,436 [INFO] sqlalchemy.engine.Engine: PRAGMA main.table_info("user")
2025-11-14 11:20:59,437 [INFO] sqlalchemy.engine.Engine: [raw sql] ()
2025-11-14 11:20:59,437 [INFO] sqlalchemy.engine.Engine: PRAGMA main.table_info("patient")
2025-11-14 11:20:59,437 [INFO] sqlalchemy.engine.Engine: [raw sql] ()
2025-11-14 11:20:59,438 [INFO] sqlalchemy.engine.Engine: COMMIT
2025-11-14 11:20:59,452 [INFO] ==============BLUE WARRIORS============: initilisation de rag
2025-11-14 11:20:59,453 [CRITICAL] =========== PIPELINE RAG FINALE ===============: Erreur lors de la lecture du fichier de configuration: Le fichier config.ini n'a pas pu être lu ou est vide.
2025-11-14 11:20:59,453 [ERROR] ==============BLUE WARRIORS============: Error initializing RAG chain: Le fichier config.ini n'a pas pu être lu ou est vide.
2025-11-14 11:21:02,589 [INFO] sqlalchemy.engine.Engine: BEGIN (implicit)
2025-11-14 11:21:02,590 [INFO] sqlalchemy.engine.Engine: PRAGMA main.table_info("user")
2025-11-14 11:21:02,590 [INFO] sqlalchemy.engine.Engine: [raw sql] ()
2025-11-14 11:21:02,590 [INFO] sqlalchemy.engine.Engine: PRAGMA main.table_info("patient")
2025-11-14 11:21:02,590 [INFO] sqlalchemy.engine.Engine: [raw sql] ()
2025-11-14 11:21:02,591 [INFO] sqlalchemy.engine.Engine: COMMIT
2025-11-14 11:21:02,602 [INFO] ==============BLUE WARRIORS============: initilisation de rag
2025-11-14 11:21:02,602 [CRITICAL] =========== PIPELINE RAG FINALE ===============: Erreur lors de la lecture du fichier de configuration: Le fichier config.ini n'a pas pu être lu ou est vide.
2025-11-14 11:21:02,602 [ERROR] ==============BLUE WARRIORS============: Error initializing RAG chain: Le fichier config.ini n'a pas pu être lu ou est vide.
2025-11-14 11:21:05,694 [INFO] sqlalchemy.engine.Engine: BEGIN (implicit)
2025-11-14 11:21:05,695 [INFO] sqlalchemy.engine.Engine: PRAGMA main.table_info("user")
2025-11-14 11:21:05,695 [INFO] sqlalchemy.engine.Engine: [raw sql] ()
2025-11-14 11:21:05,696 [INFO] sqlalchemy.engine.Engine: PRAGMA main.table_info("patient")
2025-11-14 11:21:05,697 [INFO] sqlalchemy.engine.Engine: [raw sql] ()
2025-11-14 11:21:05,697 [INFO] sqlalchemy.engine.Engine: COMMIT
2025-11-14 11:21:05,720 [INFO] ==============BLUE WARRIORS============: initilisation de rag
2025-11-14 11:21:05,720 [CRITICAL] =========== PIPELINE RAG FINALE ===============: Erreur lors de la lecture du fichier de configuration: Le fichier config.ini n'a pas pu être lu ou est vide.
2025-11-14 11:21:05,721 [ERROR] ==============BLUE WARRIORS============: Error initializing RAG chain: Le fichier config.ini n'a pas pu être lu ou est vide.
2025-11-14 11:21:11,242 [INFO] sqlalchemy.engine.Engine: BEGIN (implicit)
2025-11-14 11:21:11,243 [INFO] sqlalchemy.engine.Engine: PRAGMA main.table_info("user")
2025-11-14 11:21:11,243 [INFO] sqlalchemy.engine.Engine: [raw sql] ()
2025-11-14 11:21:11,244 [INFO] sqlalchemy.engine.Engine: PRAGMA main.table_info("patient")
2025-11-14 11:21:11,245 [INFO] sqlalchemy.engine.Engine: [raw sql] ()
2025-11-14 11:21:11,246 [INFO] sqlalchemy.engine.Engine: COMMIT
2025-11-14 11:21:11,267 [INFO] ==============BLUE WARRIORS============: initilisation de rag
2025-11-14 11:21:11,268 [CRITICAL] =========== PIPELINE RAG FINALE ===============: Erreur lors de la lecture du fichier de configuration: Le fichier config.ini n'a pas pu être lu ou est vide.
2025-11-14 11:21:11,269 [ERROR] ==============BLUE WARRIORS============: Error initializing RAG chain: Le fichier config.ini n'a pas pu être lu ou est vide.
2025-11-14 11:21:21,240 [INFO] sqlalchemy.engine.Engine: BEGIN (implicit)
2025-11-14 11:21:21,241 [INFO] sqlalchemy.engine.Engine: PRAGMA main.table_info("user")
2025-11-14 11:21:21,242 [INFO] sqlalchemy.engine.Engine: [raw sql] ()
2025-11-14 11:21:21,243 [INFO] sqlalchemy.engine.Engine: PRAGMA main.table_info("patient")
2025-11-14 11:21:21,244 [INFO] sqlalchemy.engine.Engine: [raw sql] ()
2025-11-14 11:21:21,245 [INFO] sqlalchemy.engine.Engine: COMMIT
2025-11-14 11:21:21,267 [INFO] ==============BLUE WARRIORS============: initilisation de rag
2025-11-14 11:21:21,268 [CRITICAL] =========== PIPELINE RAG FINALE ===============: Erreur lors de la lecture du fichier de configuration: Le fichier config.ini n'a pas pu être lu ou est vide.
2025-11-14 11:21:21,268 [ERROR] ==============BLUE WARRIORS============: Error initializing RAG chain: Le fichier config.ini n'a pas pu être lu ou est vide.
2025-11-14 11:21:25,186 [INFO] sqlalchemy.engine.Engine: BEGIN (implicit)
2025-11-14 11:21:25,186 [INFO] sqlalchemy.engine.Engine: PRAGMA main.table_info("user")
2025-11-14 11:21:25,186 [INFO] sqlalchemy.engine.Engine: [raw sql] ()
2025-11-14 11:21:25,187 [INFO] sqlalchemy.engine.Engine: PRAGMA main.table_info("patient")
2025-11-14 11:21:25,187 [INFO] sqlalchemy.engine.Engine: [raw sql] ()
2025-11-14 11:21:25,188 [INFO] sqlalchemy.engine.Engine: COMMIT
2025-11-14 11:21:25,197 [INFO] ==============BLUE WARRIORS============: initilisation de rag
2025-11-14 11:21:25,198 [CRITICAL] =========== PIPELINE RAG FINALE ===============: Erreur lors de la lecture du fichier de configuration: Le fichier config.ini n'a pas pu être lu ou est vide.
2025-11-14 11:21:25,198 [ERROR] ==============BLUE WARRIORS============: Error initializing RAG chain: Le fichier config.ini n'a pas pu être lu ou est vide.
2025-11-14 11:21:27,522 [INFO] sqlalchemy.engine.Engine: BEGIN (implicit)
2025-11-14 11:21:27,522 [INFO] sqlalchemy.engine.Engine: PRAGMA main.table_info("user")
2025-11-14 11:21:27,523 [INFO] sqlalchemy.engine.Engine: [raw sql] ()
2025-11-14 11:21:27,523 [INFO] sqlalchemy.engine.Engine: PRAGMA main.table_info("patient")
2025-11-14 11:21:27,523 [INFO] sqlalchemy.engine.Engine: [raw sql] ()
2025-11-14 11:21:27,524 [INFO] sqlalchemy.engine.Engine: COMMIT
2025-11-14 11:21:27,533 [INFO] ==============BLUE WARRIORS============: initilisation de rag
2025-11-14 11:21:27,534 [CRITICAL] =========== PIPELINE RAG FINALE ===============: Erreur lors de la lecture du fichier de configuration: Le fichier config.ini n'a pas pu être lu ou est vide.
2025-11-14 11:21:27,534 [ERROR] ==============BLUE WARRIORS============: Error initializing RAG chain: Le fichier config.ini n'a pas pu être lu ou est vide.
2025-11-14 11:21:46,194 [INFO] sqlalchemy.engine.Engine: BEGIN (implicit)
2025-11-14 11:21:46,195 [INFO] sqlalchemy.engine.Engine: PRAGMA main.table_info("user")
2025-11-14 11:21:46,196 [INFO] sqlalchemy.engine.Engine: [raw sql] ()
2025-11-14 11:21:46,203 [INFO] sqlalchemy.engine.Engine: PRAGMA main.table_info("patient")
2025-11-14 11:21:46,203 [INFO] sqlalchemy.engine.Engine: [raw sql] ()
2025-11-14 11:21:46,204 [INFO] sqlalchemy.engine.Engine: COMMIT
2025-11-14 11:21:46,228 [INFO] ==============BLUE WARRIORS============: initilisation de rag
2025-11-14 11:21:46,229 [CRITICAL] =========== PIPELINE RAG FINALE ===============: Erreur lors de la lecture du fichier de configuration: Le fichier config.ini n'a pas pu être lu ou est vide.
2025-11-14 11:21:46,230 [ERROR] ==============BLUE WARRIORS============: Error initializing RAG chain: Le fichier config.ini n'a pas pu être lu ou est vide.
2025-11-14 11:21:53,381 [INFO] sqlalchemy.engine.Engine: BEGIN (implicit)
2025-11-14 11:21:53,382 [INFO] sqlalchemy.engine.Engine: PRAGMA main.table_info("user")
2025-11-14 11:21:53,382 [INFO] sqlalchemy.engine.Engine: [raw sql] ()
2025-11-14 11:21:53,383 [INFO] sqlalchemy.engine.Engine: PRAGMA main.table_info("patient")
2025-11-14 11:21:53,383 [INFO] sqlalchemy.engine.Engine: [raw sql] ()
2025-11-14 11:21:53,383 [INFO] sqlalchemy.engine.Engine: COMMIT
2025-11-14 11:21:53,397 [INFO] ==============BLUE WARRIORS============: initilisation de rag
2025-11-14 11:21:53,398 [CRITICAL] =========== PIPELINE RAG FINALE ===============: Erreur lors de la lecture du fichier de configuration: Le fichier config.ini n'a pas pu être lu ou est vide.
2025-11-14 11:21:53,398 [ERROR] ==============BLUE WARRIORS============: Error initializing RAG chain: Le fichier config.ini n'a pas pu être lu ou est vide.
2025-11-14 11:21:56,186 [INFO] sqlalchemy.engine.Engine: BEGIN (implicit)
2025-11-14 11:21:56,186 [INFO] sqlalchemy.engine.Engine: PRAGMA main.table_info("user")
2025-11-14 11:21:56,186 [INFO] sqlalchemy.engine.Engine: [raw sql] ()
2025-11-14 11:21:56,187 [INFO] sqlalchemy.engine.Engine: PRAGMA main.table_info("patient")
2025-11-14 11:21:56,188 [INFO] sqlalchemy.engine.Engine: [raw sql] ()
2025-11-14 11:21:56,188 [INFO] sqlalchemy.engine.Engine: COMMIT
2025-11-14 11:21:56,198 [INFO] ==============BLUE WARRIORS============: initilisation de rag
2025-11-14 11:21:56,198 [CRITICAL] =========== PIPELINE RAG FINALE ===============: Erreur lors de la lecture du fichier de configuration: Le fichier config.ini n'a pas pu être lu ou est vide.
2025-11-14 11:21:56,198 [ERROR] ==============BLUE WARRIORS============: Error initializing RAG chain: Le fichier config.ini n'a pas pu être lu ou est vide.
2025-11-14 11:22:29,653 [INFO] sqlalchemy.engine.Engine: BEGIN (implicit)
2025-11-14 11:22:29,654 [INFO] sqlalchemy.engine.Engine: PRAGMA main.table_info("user")
2025-11-14 11:22:29,654 [INFO] sqlalchemy.engine.Engine: [raw sql] ()
2025-11-14 11:22:29,655 [INFO] sqlalchemy.engine.Engine: PRAGMA main.table_info("patient")
2025-11-14 11:22:29,655 [INFO] sqlalchemy.engine.Engine: [raw sql] ()
2025-11-14 11:22:29,655 [INFO] sqlalchemy.engine.Engine: COMMIT
2025-11-14 11:22:29,673 [INFO] ==============BLUE WARRIORS============: initilisation de rag
2025-11-14 11:22:29,673 [CRITICAL] =========== PIPELINE RAG FINALE ===============: Erreur lors de la lecture du fichier de configuration: Le fichier config.ini n'a pas pu être lu ou est vide.
2025-11-14 11:22:29,674 [ERROR] ==============BLUE WARRIORS============: Error initializing RAG chain: Le fichier config.ini n'a pas pu être lu ou est vide.
2025-11-14 11:22:34,571 [INFO] sqlalchemy.engine.Engine: BEGIN (implicit)
2025-11-14 11:22:34,572 [INFO] sqlalchemy.engine.Engine: PRAGMA main.table_info("user")
2025-11-14 11:22:34,572 [INFO] sqlalchemy.engine.Engine: [raw sql] ()
2025-11-14 11:22:34,572 [INFO] sqlalchemy.engine.Engine: PRAGMA main.table_info("patient")
2025-11-14 11:22:34,573 [INFO] sqlalchemy.engine.Engine: [raw sql] ()
2025-11-14 11:22:34,573 [INFO] sqlalchemy.engine.Engine: COMMIT
2025-11-14 11:22:34,589 [INFO] ==============BLUE WARRIORS============: initilisation de rag
2025-11-14 11:22:34,590 [CRITICAL] =========== PIPELINE RAG FINALE ===============: Erreur lors de la lecture du fichier de configuration: Le fichier config.ini n'a pas pu être lu ou est vide.
2025-11-14 11:22:34,590 [ERROR] ==============BLUE WARRIORS============: Error initializing RAG chain: Le fichier config.ini n'a pas pu être lu ou est vide.
2025-11-14 11:22:38,232 [INFO] sqlalchemy.engine.Engine: BEGIN (implicit)
2025-11-14 11:22:38,233 [INFO] sqlalchemy.engine.Engine: PRAGMA main.table_info("user")
2025-11-14 11:22:38,234 [INFO] sqlalchemy.engine.Engine: [raw sql] ()
2025-11-14 11:22:38,236 [INFO] sqlalchemy.engine.Engine: PRAGMA main.table_info("patient")
2025-11-14 11:22:38,237 [INFO] sqlalchemy.engine.Engine: [raw sql] ()
2025-11-14 11:22:38,238 [INFO] sqlalchemy.engine.Engine: COMMIT
2025-11-14 11:22:38,261 [INFO] ==============BLUE WARRIORS============: initilisation de rag
2025-11-14 11:22:38,262 [CRITICAL] =========== PIPELINE RAG FINALE ===============: Erreur lors de la lecture du fichier de configuration: Le fichier config.ini n'a pas pu être lu ou est vide.
2025-11-14 11:22:38,263 [ERROR] ==============BLUE WARRIORS============: Error initializing RAG chain: Le fichier config.ini n'a pas pu être lu ou est vide.
2025-11-14 11:22:45,718 [INFO] sqlalchemy.engine.Engine: BEGIN (implicit)
2025-11-14 11:22:45,719 [INFO] sqlalchemy.engine.Engine: PRAGMA main.table_info("user")
2025-11-14 11:22:45,719 [INFO] sqlalchemy.engine.Engine: [raw sql] ()
2025-11-14 11:22:45,719 [INFO] sqlalchemy.engine.Engine: PRAGMA main.table_info("patient")
2025-11-14 11:22:45,720 [INFO] sqlalchemy.engine.Engine: [raw sql] ()
2025-11-14 11:22:45,720 [INFO] sqlalchemy.engine.Engine: COMMIT
2025-11-14 11:22:45,729 [INFO] ==============BLUE WARRIORS============: initilisation de rag
2025-11-14 11:22:45,730 [CRITICAL] =========== PIPELINE RAG FINALE ===============: Erreur lors de la lecture du fichier de configuration: Le fichier config.ini n'a pas pu être lu ou est vide.
2025-11-14 11:22:45,730 [ERROR] ==============BLUE WARRIORS============: Error initializing RAG chain: Le fichier config.ini n'a pas pu être lu ou est vide.
2025-11-14 14:58:24,696 [INFO] sqlalchemy.engine.Engine: BEGIN (implicit)
2025-11-14 14:58:24,703 [INFO] sqlalchemy.engine.Engine: PRAGMA main.table_info("user")
2025-11-14 14:58:24,703 [INFO] sqlalchemy.engine.Engine: [raw sql] ()
2025-11-14 14:58:24,705 [INFO] sqlalchemy.engine.Engine: PRAGMA main.table_info("patient")
2025-11-14 14:58:24,708 [INFO] sqlalchemy.engine.Engine: [raw sql] ()
2025-11-14 14:58:24,712 [INFO] sqlalchemy.engine.Engine: COMMIT
2025-11-14 14:58:24,749 [INFO] ==============BLUE WARRIORS============: initilisation de rag
2025-11-14 14:58:24,753 [CRITICAL] =========== PIPELINE RAG FINALE ===============: Erreur lors de la lecture du fichier de configuration: Le fichier config.ini n'a pas pu être lu ou est vide.
2025-11-14 14:58:24,754 [ERROR] ==============BLUE WARRIORS============: Error initializing RAG chain: Le fichier config.ini n'a pas pu être lu ou est vide.
2025-11-14 14:58:34,822 [INFO] sqlalchemy.engine.Engine: BEGIN (implicit)
2025-11-14 14:58:34,823 [INFO] sqlalchemy.engine.Engine: PRAGMA main.table_info("user")
2025-11-14 14:58:34,823 [INFO] sqlalchemy.engine.Engine: [raw sql] ()
2025-11-14 14:58:34,824 [INFO] sqlalchemy.engine.Engine: PRAGMA main.table_info("patient")
2025-11-14 14:58:34,825 [INFO] sqlalchemy.engine.Engine: [raw sql] ()
2025-11-14 14:58:34,825 [INFO] sqlalchemy.engine.Engine: COMMIT
2025-11-14 14:58:34,838 [INFO] ==============BLUE WARRIORS============: initilisation de rag
2025-11-14 14:58:34,839 [CRITICAL] =========== PIPELINE RAG FINALE ===============: Erreur lors de la lecture du fichier de configuration: Le fichier config.ini n'a pas pu être lu ou est vide.
2025-11-14 14:58:34,839 [ERROR] ==============BLUE WARRIORS============: Error initializing RAG chain: Le fichier config.ini n'a pas pu être lu ou est vide.
2025-11-14 14:58:38,177 [INFO] sqlalchemy.engine.Engine: BEGIN (implicit)
2025-11-14 14:58:38,178 [INFO] sqlalchemy.engine.Engine: PRAGMA main.table_info("user")
2025-11-14 14:58:38,178 [INFO] sqlalchemy.engine.Engine: [raw sql] ()
2025-11-14 14:58:38,178 [INFO] sqlalchemy.engine.Engine: PRAGMA main.table_info("patient")
2025-11-14 14:58:38,179 [INFO] sqlalchemy.engine.Engine: [raw sql] ()
2025-11-14 14:58:38,179 [INFO] sqlalchemy.engine.Engine: COMMIT
2025-11-14 14:58:38,190 [INFO] ==============BLUE WARRIORS============: initilisation de rag
2025-11-14 14:58:38,191 [CRITICAL] =========== PIPELINE RAG FINALE ===============: Erreur lors de la lecture du fichier de configuration: Le fichier config.ini n'a pas pu être lu ou est vide.
2025-11-14 14:58:38,191 [ERROR] ==============BLUE WARRIORS============: Error initializing RAG chain: Le fichier config.ini n'a pas pu être lu ou est vide.
2025-11-14 14:58:40,874 [INFO] sqlalchemy.engine.Engine: BEGIN (implicit)
2025-11-14 14:58:40,875 [INFO] sqlalchemy.engine.Engine: PRAGMA main.table_info("user")
2025-11-14 14:58:40,875 [INFO] sqlalchemy.engine.Engine: [raw sql] ()
2025-11-14 14:58:40,876 [INFO] sqlalchemy.engine.Engine: PRAGMA main.table_info("patient")
2025-11-14 14:58:40,876 [INFO] sqlalchemy.engine.Engine: [raw sql] ()
2025-11-14 14:58:40,876 [INFO] sqlalchemy.engine.Engine: COMMIT
2025-11-14 14:58:40,887 [INFO] ==============BLUE WARRIORS============: initilisation de rag
2025-11-14 14:58:40,888 [CRITICAL] =========== PIPELINE RAG FINALE ===============: Erreur lors de la lecture du fichier de configuration: Le fichier config.ini n'a pas pu être lu ou est vide.
2025-11-14 14:58:40,888 [ERROR] ==============BLUE WARRIORS============: Error initializing RAG chain: Le fichier config.ini n'a pas pu être lu ou est vide.
2025-11-14 14:58:43,769 [INFO] sqlalchemy.engine.Engine: BEGIN (implicit)
2025-11-14 14:58:43,769 [INFO] sqlalchemy.engine.Engine: PRAGMA main.table_info("user")
2025-11-14 14:58:43,770 [INFO] sqlalchemy.engine.Engine: [raw sql] ()
2025-11-14 14:58:43,770 [INFO] sqlalchemy.engine.Engine: PRAGMA main.table_info("patient")
2025-11-14 14:58:43,771 [INFO] sqlalchemy.engine.Engine: [raw sql] ()
2025-11-14 14:58:43,772 [INFO] sqlalchemy.engine.Engine: COMMIT
2025-11-14 14:58:43,785 [INFO] ==============BLUE WARRIORS============: initilisation de rag
2025-11-14 14:58:43,786 [CRITICAL] =========== PIPELINE RAG FINALE ===============: Erreur lors de la lecture du fichier de configuration: Le fichier config.ini n'a pas pu être lu ou est vide.
2025-11-14 14:58:43,786 [ERROR] ==============BLUE WARRIORS============: Error initializing RAG chain: Le fichier config.ini n'a pas pu être lu ou est vide.
2025-11-14 14:58:46,671 [INFO] sqlalchemy.engine.Engine: BEGIN (implicit)
2025-11-14 14:58:46,671 [INFO] sqlalchemy.engine.Engine: PRAGMA main.table_info("user")
2025-11-14 14:58:46,671 [INFO] sqlalchemy.engine.Engine: [raw sql] ()
2025-11-14 14:58:46,672 [INFO] sqlalchemy.engine.Engine: PRAGMA main.table_info("patient")
2025-11-14 14:58:46,672 [INFO] sqlalchemy.engine.Engine: [raw sql] ()
2025-11-14 14:58:46,673 [INFO] sqlalchemy.engine.Engine: COMMIT
2025-11-14 14:58:46,686 [INFO] ==============BLUE WARRIORS============: initilisation de rag
2025-11-14 14:58:46,687 [CRITICAL] =========== PIPELINE RAG FINALE ===============: Erreur lors de la lecture du fichier de configuration: Le fichier config.ini n'a pas pu être lu ou est vide.
2025-11-14 14:58:46,687 [ERROR] ==============BLUE WARRIORS============: Error initializing RAG chain: Le fichier config.ini n'a pas pu être lu ou est vide.
2025-11-14 14:58:53,029 [INFO] sqlalchemy.engine.Engine: BEGIN (implicit)
2025-11-14 14:58:53,029 [INFO] sqlalchemy.engine.Engine: PRAGMA main.table_info("user")
2025-11-14 14:58:53,030 [INFO] sqlalchemy.engine.Engine: [raw sql] ()
2025-11-14 14:58:53,031 [INFO] sqlalchemy.engine.Engine: PRAGMA main.table_info("patient")
2025-11-14 14:58:53,031 [INFO] sqlalchemy.engine.Engine: [raw sql] ()
2025-11-14 14:58:53,032 [INFO] sqlalchemy.engine.Engine: COMMIT
2025-11-14 14:58:53,043 [INFO] ==============BLUE WARRIORS============: initilisation de rag
2025-11-14 14:58:53,044 [CRITICAL] =========== PIPELINE RAG FINALE ===============: Erreur lors de la lecture du fichier de configuration: Le fichier config.ini n'a pas pu être lu ou est vide.
2025-11-14 14:58:53,044 [ERROR] ==============BLUE WARRIORS============: Error initializing RAG chain: Le fichier config.ini n'a pas pu être lu ou est vide.
2025-11-14 14:58:56,391 [INFO] sqlalchemy.engine.Engine: BEGIN (implicit)
2025-11-14 14:58:56,392 [INFO] sqlalchemy.engine.Engine: PRAGMA main.table_info("user")
2025-11-14 14:58:56,392 [INFO] sqlalchemy.engine.Engine: [raw sql] ()
2025-11-14 14:58:56,393 [INFO] sqlalchemy.engine.Engine: PRAGMA main.table_info("patient")
2025-11-14 14:58:56,393 [INFO] sqlalchemy.engine.Engine: [raw sql] ()
2025-11-14 14:58:56,394 [INFO] sqlalchemy.engine.Engine: COMMIT
2025-11-14 14:58:56,406 [INFO] ==============BLUE WARRIORS============: initilisation de rag
2025-11-14 14:58:56,406 [CRITICAL] =========== PIPELINE RAG FINALE ===============: Erreur lors de la lecture du fichier de configuration: Le fichier config.ini n'a pas pu être lu ou est vide.
2025-11-14 14:58:56,406 [ERROR] ==============BLUE WARRIORS============: Error initializing RAG chain: Le fichier config.ini n'a pas pu être lu ou est vide.
2025-11-14 14:58:59,368 [INFO] sqlalchemy.engine.Engine: BEGIN (implicit)
2025-11-14 14:58:59,368 [INFO] sqlalchemy.engine.Engine: PRAGMA main.table_info("user")
2025-11-14 14:58:59,368 [INFO] sqlalchemy.engine.Engine: [raw sql] ()
2025-11-14 14:58:59,369 [INFO] sqlalchemy.engine.Engine: PRAGMA main.table_info("patient")
2025-11-14 14:58:59,369 [INFO] sqlalchemy.engine.Engine: [raw sql] ()
2025-11-14 14:58:59,370 [INFO] sqlalchemy.engine.Engine: COMMIT
2025-11-14 14:58:59,383 [INFO] ==============BLUE WARRIORS============: initilisation de rag
2025-11-14 14:58:59,384 [CRITICAL] =========== PIPELINE RAG FINALE ===============: Erreur lors de la lecture du fichier de configuration: Le fichier config.ini n'a pas pu être lu ou est vide.
2025-11-14 14:58:59,384 [ERROR] ==============BLUE WARRIORS============: Error initializing RAG chain: Le fichier config.ini n'a pas pu être lu ou est vide.
2025-11-14 14:59:44,420 [INFO] sqlalchemy.engine.Engine: BEGIN (implicit)
2025-11-14 14:59:44,421 [INFO] sqlalchemy.engine.Engine: PRAGMA main.table_info("user")
2025-11-14 14:59:44,421 [INFO] sqlalchemy.engine.Engine: [raw sql] ()
2025-11-14 14:59:44,422 [INFO] sqlalchemy.engine.Engine: PRAGMA main.table_info("patient")
2025-11-14 14:59:44,422 [INFO] sqlalchemy.engine.Engine: [raw sql] ()
2025-11-14 14:59:44,423 [INFO] sqlalchemy.engine.Engine: COMMIT
2025-11-14 14:59:44,434 [INFO] ==============BLUE WARRIORS============: initilisation de rag
2025-11-14 14:59:44,435 [CRITICAL] =========== PIPELINE RAG FINALE ===============: Erreur lors de la lecture du fichier de configuration: Le fichier config.ini n'a pas pu être lu ou est vide.
2025-11-14 14:59:44,435 [ERROR] ==============BLUE WARRIORS============: Error initializing RAG chain: Le fichier config.ini n'a pas pu être lu ou est vide.
2025-11-14 15:07:40,617 [INFO] sqlalchemy.engine.Engine: BEGIN (implicit)
2025-11-14 15:07:40,617 [INFO] sqlalchemy.engine.Engine: PRAGMA main.table_info("user")
2025-11-14 15:07:40,617 [INFO] sqlalchemy.engine.Engine: [raw sql] ()
2025-11-14 15:07:40,618 [INFO] sqlalchemy.engine.Engine: PRAGMA main.table_info("patient")
2025-11-14 15:07:40,619 [INFO] sqlalchemy.engine.Engine: [raw sql] ()
2025-11-14 15:07:40,619 [INFO] sqlalchemy.engine.Engine: COMMIT
2025-11-14 15:07:40,631 [INFO] ==============BLUE WARRIORS============: initilisation de rag
2025-11-14 15:07:40,632 [CRITICAL] =========== PIPELINE RAG FINALE ===============: Erreur lors de la lecture du fichier de configuration: Le fichier config.ini n'a pas pu être lu ou est vide.
2025-11-14 15:07:40,632 [ERROR] ==============BLUE WARRIORS============: Error initializing RAG chain: Le fichier config.ini n'a pas pu être lu ou est vide.
2025-11-14 15:07:44,019 [INFO] sqlalchemy.engine.Engine: BEGIN (implicit)
2025-11-14 15:07:44,021 [INFO] sqlalchemy.engine.Engine: PRAGMA main.table_info("user")
2025-11-14 15:07:44,022 [INFO] sqlalchemy.engine.Engine: [raw sql] ()
2025-11-14 15:07:44,025 [INFO] sqlalchemy.engine.Engine: PRAGMA main.table_info("patient")
2025-11-14 15:07:44,028 [INFO] sqlalchemy.engine.Engine: [raw sql] ()
2025-11-14 15:07:44,031 [INFO] sqlalchemy.engine.Engine: COMMIT
2025-11-14 15:07:44,060 [INFO] ==============BLUE WARRIORS============: initilisation de rag
2025-11-14 15:07:44,061 [CRITICAL] =========== PIPELINE RAG FINALE ===============: Erreur lors de la lecture du fichier de configuration: Le fichier config.ini n'a pas pu être lu ou est vide.
2025-11-14 15:07:44,062 [ERROR] ==============BLUE WARRIORS============: Error initializing RAG chain: Le fichier config.ini n'a pas pu être lu ou est vide.
2025-11-14 15:07:47,532 [INFO] sqlalchemy.engine.Engine: BEGIN (implicit)
2025-11-14 15:07:47,532 [INFO] sqlalchemy.engine.Engine: PRAGMA main.table_info("user")
2025-11-14 15:07:47,532 [INFO] sqlalchemy.engine.Engine: [raw sql] ()
2025-11-14 15:07:47,533 [INFO] sqlalchemy.engine.Engine: PRAGMA main.table_info("patient")
2025-11-14 15:07:47,534 [INFO] sqlalchemy.engine.Engine: [raw sql] ()
2025-11-14 15:07:47,534 [INFO] sqlalchemy.engine.Engine: COMMIT
2025-11-14 15:07:47,551 [INFO] ==============BLUE WARRIORS============: initilisation de rag
2025-11-14 15:07:47,552 [CRITICAL] =========== PIPELINE RAG FINALE ===============: Erreur lors de la lecture du fichier de configuration: Le fichier config.ini n'a pas pu être lu ou est vide.
2025-11-14 15:07:47,552 [ERROR] ==============BLUE WARRIORS============: Error initializing RAG chain: Le fichier config.ini n'a pas pu être lu ou est vide.
2025-11-14 15:07:51,621 [INFO] sqlalchemy.engine.Engine: BEGIN (implicit)
2025-11-14 15:07:51,621 [INFO] sqlalchemy.engine.Engine: PRAGMA main.table_info("user")
2025-11-14 15:07:51,621 [INFO] sqlalchemy.engine.Engine: [raw sql] ()
2025-11-14 15:07:51,622 [INFO] sqlalchemy.engine.Engine: PRAGMA main.table_info("patient")
2025-11-14 15:07:51,623 [INFO] sqlalchemy.engine.Engine: [raw sql] ()
2025-11-14 15:07:51,624 [INFO] sqlalchemy.engine.Engine: COMMIT
2025-11-14 15:07:51,642 [INFO] ==============BLUE WARRIORS============: initilisation de rag
2025-11-14 15:07:51,644 [CRITICAL] =========== PIPELINE RAG FINALE ===============: Erreur lors de la lecture du fichier de configuration: Le fichier config.ini n'a pas pu être lu ou est vide.
2025-11-14 15:07:51,644 [ERROR] ==============BLUE WARRIORS============: Error initializing RAG chain: Le fichier config.ini n'a pas pu être lu ou est vide.
2025-11-14 15:07:54,098 [INFO] sqlalchemy.engine.Engine: BEGIN (implicit)
2025-11-14 15:07:54,098 [INFO] sqlalchemy.engine.Engine: PRAGMA main.table_info("user")
2025-11-14 15:07:54,099 [INFO] sqlalchemy.engine.Engine: [raw sql] ()
2025-11-14 15:07:54,099 [INFO] sqlalchemy.engine.Engine: PRAGMA main.table_info("patient")
2025-11-14 15:07:54,099 [INFO] sqlalchemy.engine.Engine: [raw sql] ()
2025-11-14 15:07:54,100 [INFO] sqlalchemy.engine.Engine: COMMIT
2025-11-14 15:07:54,110 [INFO] ==============BLUE WARRIORS============: initilisation de rag
2025-11-14 15:07:54,110 [CRITICAL] =========== PIPELINE RAG FINALE ===============: Erreur lors de la lecture du fichier de configuration: Le fichier config.ini n'a pas pu être lu ou est vide.
2025-11-14 15:07:54,111 [ERROR] ==============BLUE WARRIORS============: Error initializing RAG chain: Le fichier config.ini n'a pas pu être lu ou est vide.
2025-11-14 15:07:56,864 [INFO] sqlalchemy.engine.Engine: BEGIN (implicit)
2025-11-14 15:07:56,865 [INFO] sqlalchemy.engine.Engine: PRAGMA main.table_info("user")
2025-11-14 15:07:56,865 [INFO] sqlalchemy.engine.Engine: [raw sql] ()
2025-11-14 15:07:56,866 [INFO] sqlalchemy.engine.Engine: PRAGMA main.table_info("patient")
2025-11-14 15:07:56,866 [INFO] sqlalchemy.engine.Engine: [raw sql] ()
2025-11-14 15:07:56,867 [INFO] sqlalchemy.engine.Engine: COMMIT
2025-11-14 15:07:56,880 [INFO] ==============BLUE WARRIORS============: initilisation de rag
2025-11-14 15:07:56,880 [CRITICAL] =========== PIPELINE RAG FINALE ===============: Erreur lors de la lecture du fichier de configuration: Le fichier config.ini n'a pas pu être lu ou est vide.
2025-11-14 15:07:56,880 [ERROR] ==============BLUE WARRIORS============: Error initializing RAG chain: Le fichier config.ini n'a pas pu être lu ou est vide.
2025-11-14 15:07:59,986 [INFO] sqlalchemy.engine.Engine: BEGIN (implicit)
2025-11-14 15:07:59,986 [INFO] sqlalchemy.engine.Engine: PRAGMA main.table_info("user")
2025-11-14 15:07:59,987 [INFO] sqlalchemy.engine.Engine: [raw sql] ()
2025-11-14 15:07:59,987 [INFO] sqlalchemy.engine.Engine: PRAGMA main.table_info("patient")
2025-11-14 15:07:59,988 [INFO] sqlalchemy.engine.Engine: [raw sql] ()
2025-11-14 15:07:59,988 [INFO] sqlalchemy.engine.Engine: COMMIT
2025-11-14 15:08:00,001 [INFO] ==============BLUE WARRIORS============: initilisation de rag
2025-11-14 15:08:00,001 [CRITICAL] =========== PIPELINE RAG FINALE ===============: Erreur lors de la lecture du fichier de configuration: Le fichier config.ini n'a pas pu être lu ou est vide.
2025-11-14 15:08:00,002 [ERROR] ==============BLUE WARRIORS============: Error initializing RAG chain: Le fichier config.ini n'a pas pu être lu ou est vide.
2025-11-14 15:08:03,326 [INFO] sqlalchemy.engine.Engine: BEGIN (implicit)
2025-11-14 15:08:03,327 [INFO] sqlalchemy.engine.Engine: PRAGMA main.table_info("user")
2025-11-14 15:08:03,327 [INFO] sqlalchemy.engine.Engine: [raw sql] ()
2025-11-14 15:08:03,328 [INFO] sqlalchemy.engine.Engine: PRAGMA main.table_info("patient")
2025-11-14 15:08:03,328 [INFO] sqlalchemy.engine.Engine: [raw sql] ()
2025-11-14 15:08:03,329 [INFO] sqlalchemy.engine.Engine: COMMIT
2025-11-14 15:08:03,340 [INFO] ==============BLUE WARRIORS============: initilisation de rag
2025-11-14 15:08:03,340 [CRITICAL] =========== PIPELINE RAG FINALE ===============: Erreur lors de la lecture du fichier de configuration: Le fichier config.ini n'a pas pu être lu ou est vide.
2025-11-14 15:08:03,341 [ERROR] ==============BLUE WARRIORS============: Error initializing RAG chain: Le fichier config.ini n'a pas pu être lu ou est vide.
2025-11-14 15:08:06,205 [INFO] sqlalchemy.engine.Engine: BEGIN (implicit)
2025-11-14 15:08:06,205 [INFO] sqlalchemy.engine.Engine: PRAGMA main.table_info("user")
2025-11-14 15:08:06,205 [INFO] sqlalchemy.engine.Engine: [raw sql] ()
2025-11-14 15:08:06,206 [INFO] sqlalchemy.engine.Engine: PRAGMA main.table_info("patient")
2025-11-14 15:08:06,206 [INFO] sqlalchemy.engine.Engine: [raw sql] ()
2025-11-14 15:08:06,206 [INFO] sqlalchemy.engine.Engine: COMMIT
2025-11-14 15:08:06,217 [INFO] ==============BLUE WARRIORS============: initilisation de rag
2025-11-14 15:08:06,217 [CRITICAL] =========== PIPELINE RAG FINALE ===============: Erreur lors de la lecture du fichier de configuration: Le fichier config.ini n'a pas pu être lu ou est vide.
2025-11-14 15:08:06,217 [ERROR] ==============BLUE WARRIORS============: Error initializing RAG chain: Le fichier config.ini n'a pas pu être lu ou est vide.
2025-11-14 15:08:08,696 [INFO] sqlalchemy.engine.Engine: BEGIN (implicit)
2025-11-14 15:08:08,696 [INFO] sqlalchemy.engine.Engine: PRAGMA main.table_info("user")
2025-11-14 15:08:08,696 [INFO] sqlalchemy.engine.Engine: [raw sql] ()
2025-11-14 15:08:08,697 [INFO] sqlalchemy.engine.Engine: PRAGMA main.table_info("patient")
2025-11-14 15:08:08,697 [INFO] sqlalchemy.engine.Engine: [raw sql] ()
2025-11-14 15:08:08,697 [INFO] sqlalchemy.engine.Engine: COMMIT
2025-11-14 15:08:08,708 [INFO] ==============BLUE WARRIORS============: initilisation de rag
2025-11-14 15:08:08,709 [CRITICAL] =========== PIPELINE RAG FINALE ===============: Erreur lors de la lecture du fichier de configuration: Le fichier config.ini n'a pas pu être lu ou est vide.
2025-11-14 15:08:08,709 [ERROR] ==============BLUE WARRIORS============: Error initializing RAG chain: Le fichier config.ini n'a pas pu être lu ou est vide.
2025-11-14 15:08:11,086 [INFO] sqlalchemy.engine.Engine: BEGIN (implicit)
2025-11-14 15:08:11,086 [INFO] sqlalchemy.engine.Engine: PRAGMA main.table_info("user")
2025-11-14 15:08:11,087 [INFO] sqlalchemy.engine.Engine: [raw sql] ()
2025-11-14 15:08:11,088 [INFO] sqlalchemy.engine.Engine: PRAGMA main.table_info("patient")
2025-11-14 15:08:11,088 [INFO] sqlalchemy.engine.Engine: [raw sql] ()
2025-11-14 15:08:11,088 [INFO] sqlalchemy.engine.Engine: COMMIT
2025-11-14 15:08:11,098 [INFO] ==============BLUE WARRIORS============: initilisation de rag
2025-11-14 15:08:11,099 [CRITICAL] =========== PIPELINE RAG FINALE ===============: Erreur lors de la lecture du fichier de configuration: Le fichier config.ini n'a pas pu être lu ou est vide.
2025-11-14 15:08:11,099 [ERROR] ==============BLUE WARRIORS============: Error initializing RAG chain: Le fichier config.ini n'a pas pu être lu ou est vide.
2025-11-14 15:08:20,604 [INFO] sqlalchemy.engine.Engine: BEGIN (implicit)
2025-11-14 15:08:20,605 [INFO] sqlalchemy.engine.Engine: PRAGMA main.table_info("user")
2025-11-14 15:08:20,605 [INFO] sqlalchemy.engine.Engine: [raw sql] ()
2025-11-14 15:08:20,606 [INFO] sqlalchemy.engine.Engine: PRAGMA main.table_info("patient")
2025-11-14 15:08:20,606 [INFO] sqlalchemy.engine.Engine: [raw sql] ()
2025-11-14 15:08:20,606 [INFO] sqlalchemy.engine.Engine: COMMIT
2025-11-14 15:08:20,619 [INFO] ==============BLUE WARRIORS============: initilisation de rag
2025-11-14 15:08:20,620 [CRITICAL] =========== PIPELINE RAG FINALE ===============: Erreur lors de la lecture du fichier de configuration: Le fichier config.ini n'a pas pu être lu ou est vide.
2025-11-14 15:08:20,620 [ERROR] ==============BLUE WARRIORS============: Error initializing RAG chain: Le fichier config.ini n'a pas pu être lu ou est vide.
2025-11-14 15:08:23,460 [INFO] sqlalchemy.engine.Engine: BEGIN (implicit)
2025-11-14 15:08:23,460 [INFO] sqlalchemy.engine.Engine: PRAGMA main.table_info("user")
2025-11-14 15:08:23,460 [INFO] sqlalchemy.engine.Engine: [raw sql] ()
2025-11-14 15:08:23,461 [INFO] sqlalchemy.engine.Engine: PRAGMA main.table_info("patient")
2025-11-14 15:08:23,461 [INFO] sqlalchemy.engine.Engine: [raw sql] ()
2025-11-14 15:08:23,461 [INFO] sqlalchemy.engine.Engine: COMMIT
2025-11-14 15:08:23,474 [INFO] ==============BLUE WARRIORS============: initilisation de rag
2025-11-14 15:08:23,475 [CRITICAL] =========== PIPELINE RAG FINALE ===============: Erreur lors de la lecture du fichier de configuration: Le fichier config.ini n'a pas pu être lu ou est vide.
2025-11-14 15:08:23,475 [ERROR] ==============BLUE WARRIORS============: Error initializing RAG chain: Le fichier config.ini n'a pas pu être lu ou est vide.
2025-11-14 15:09:05,048 [INFO] sqlalchemy.engine.Engine: BEGIN (implicit)
2025-11-14 15:09:05,048 [INFO] sqlalchemy.engine.Engine: PRAGMA main.table_info("user")
2025-11-14 15:09:05,049 [INFO] sqlalchemy.engine.Engine: [raw sql] ()
2025-11-14 15:09:05,049 [INFO] sqlalchemy.engine.Engine: PRAGMA main.table_info("patient")
2025-11-14 15:09:05,049 [INFO] sqlalchemy.engine.Engine: [raw sql] ()
2025-11-14 15:09:05,050 [INFO] sqlalchemy.engine.Engine: COMMIT
2025-11-14 15:09:05,065 [INFO] ==============BLUE WARRIORS============: initilisation de rag
2025-11-14 15:09:05,066 [CRITICAL] =========== PIPELINE RAG FINALE ===============: Erreur lors de la lecture du fichier de configuration: Le fichier config.ini n'a pas pu être lu ou est vide.
2025-11-14 15:09:05,066 [ERROR] ==============BLUE WARRIORS============: Error initializing RAG chain: Le fichier config.ini n'a pas pu être lu ou est vide.
2025-11-14 15:09:07,598 [INFO] sqlalchemy.engine.Engine: BEGIN (implicit)
2025-11-14 15:09:07,599 [INFO] sqlalchemy.engine.Engine: PRAGMA main.table_info("user")
2025-11-14 15:09:07,599 [INFO] sqlalchemy.engine.Engine: [raw sql] ()
2025-11-14 15:09:07,600 [INFO] sqlalchemy.engine.Engine: PRAGMA main.table_info("patient")
2025-11-14 15:09:07,600 [INFO] sqlalchemy.engine.Engine: [raw sql] ()
2025-11-14 15:09:07,600 [INFO] sqlalchemy.engine.Engine: COMMIT
2025-11-14 15:09:07,618 [INFO] ==============BLUE WARRIORS============: initilisation de rag
2025-11-14 15:09:07,619 [CRITICAL] =========== PIPELINE RAG FINALE ===============: Erreur lors de la lecture du fichier de configuration: Le fichier config.ini n'a pas pu être lu ou est vide.
2025-11-14 15:09:07,619 [ERROR] ==============BLUE WARRIORS============: Error initializing RAG chain: Le fichier config.ini n'a pas pu être lu ou est vide.
2025-11-14 15:10:01,839 [INFO] sqlalchemy.engine.Engine: BEGIN (implicit)
2025-11-14 15:10:01,839 [INFO] sqlalchemy.engine.Engine: PRAGMA main.table_info("user")
2025-11-14 15:10:01,840 [INFO] sqlalchemy.engine.Engine: [raw sql] ()
2025-11-14 15:10:01,840 [INFO] sqlalchemy.engine.Engine: PRAGMA main.table_info("patient")
2025-11-14 15:10:01,841 [INFO] sqlalchemy.engine.Engine: [raw sql] ()
2025-11-14 15:10:01,841 [INFO] sqlalchemy.engine.Engine: COMMIT
2025-11-14 15:10:01,852 [INFO] ==============BLUE WARRIORS============: initilisation de rag
2025-11-14 15:10:01,852 [CRITICAL] =========== PIPELINE RAG FINALE ===============: Erreur lors de la lecture du fichier de configuration: Le fichier config.ini n'a pas pu être lu ou est vide.
2025-11-14 15:10:01,852 [ERROR] ==============BLUE WARRIORS============: Error initializing RAG chain: Le fichier config.ini n'a pas pu être lu ou est vide.
2025-11-14 15:10:07,665 [INFO] sqlalchemy.engine.Engine: BEGIN (implicit)
2025-11-14 15:10:07,666 [INFO] sqlalchemy.engine.Engine: PRAGMA main.table_info("user")
2025-11-14 15:10:07,666 [INFO] sqlalchemy.engine.Engine: [raw sql] ()
2025-11-14 15:10:07,667 [INFO] sqlalchemy.engine.Engine: PRAGMA main.table_info("patient")
2025-11-14 15:10:07,667 [INFO] sqlalchemy.engine.Engine: [raw sql] ()
2025-11-14 15:10:07,667 [INFO] sqlalchemy.engine.Engine: COMMIT
2025-11-14 15:10:07,678 [INFO] ==============BLUE WARRIORS============: initilisation de rag
2025-11-14 15:10:07,678 [CRITICAL] =========== PIPELINE RAG FINALE ===============: Erreur lors de la lecture du fichier de configuration: Le fichier config.ini n'a pas pu être lu ou est vide.
2025-11-14 15:10:07,678 [ERROR] ==============BLUE WARRIORS============: Error initializing RAG chain: Le fichier config.ini n'a pas pu être lu ou est vide.
2025-11-14 15:10:26,583 [INFO] sqlalchemy.engine.Engine: BEGIN (implicit)
2025-11-14 15:10:26,583 [INFO] sqlalchemy.engine.Engine: PRAGMA main.table_info("user")
2025-11-14 15:10:26,583 [INFO] sqlalchemy.engine.Engine: [raw sql] ()
2025-11-14 15:10:26,584 [INFO] sqlalchemy.engine.Engine: PRAGMA main.table_info("patient")
2025-11-14 15:10:26,585 [INFO] sqlalchemy.engine.Engine: [raw sql] ()
2025-11-14 15:10:26,585 [INFO] sqlalchemy.engine.Engine: COMMIT
2025-11-14 15:10:26,597 [INFO] ==============BLUE WARRIORS============: initilisation de rag
2025-11-14 15:10:26,598 [CRITICAL] =========== PIPELINE RAG FINALE ===============: Erreur lors de la lecture du fichier de configuration: Le fichier config.ini n'a pas pu être lu ou est vide.
2025-11-14 15:10:26,598 [ERROR] ==============BLUE WARRIORS============: Error initializing RAG chain: Le fichier config.ini n'a pas pu être lu ou est vide.
2025-11-14 15:11:08,710 [INFO] sqlalchemy.engine.Engine: BEGIN (implicit)
2025-11-14 15:11:08,711 [INFO] sqlalchemy.engine.Engine: PRAGMA main.table_info("user")
2025-11-14 15:11:08,711 [INFO] sqlalchemy.engine.Engine: [raw sql] ()
2025-11-14 15:11:08,712 [INFO] sqlalchemy.engine.Engine: PRAGMA main.table_info("patient")
2025-11-14 15:11:08,712 [INFO] sqlalchemy.engine.Engine: [raw sql] ()
2025-11-14 15:11:08,713 [INFO] sqlalchemy.engine.Engine: COMMIT
2025-11-14 15:11:08,723 [INFO] ==============BLUE WARRIORS============: initilisation de rag
2025-11-14 15:11:08,723 [CRITICAL] =========== PIPELINE RAG FINALE ===============: Erreur lors de la lecture du fichier de configuration: Le fichier config.ini n'a pas pu être lu ou est vide.
2025-11-14 15:11:08,724 [ERROR] ==============BLUE WARRIORS============: Error initializing RAG chain: Le fichier config.ini n'a pas pu être lu ou est vide.
2025-11-14 15:11:11,327 [INFO] sqlalchemy.engine.Engine: BEGIN (implicit)
2025-11-14 15:11:11,327 [INFO] sqlalchemy.engine.Engine: PRAGMA main.table_info("user")
2025-11-14 15:11:11,327 [INFO] sqlalchemy.engine.Engine: [raw sql] ()
2025-11-14 15:11:11,328 [INFO] sqlalchemy.engine.Engine: PRAGMA main.table_info("patient")
2025-11-14 15:11:11,328 [INFO] sqlalchemy.engine.Engine: [raw sql] ()
2025-11-14 15:11:11,329 [INFO] sqlalchemy.engine.Engine: COMMIT
2025-11-14 15:11:11,340 [INFO] ==============BLUE WARRIORS============: initilisation de rag
2025-11-14 15:11:11,340 [CRITICAL] =========== PIPELINE RAG FINALE ===============: Erreur lors de la lecture du fichier de configuration: Le fichier config.ini n'a pas pu être lu ou est vide.
2025-11-14 15:11:11,340 [ERROR] ==============BLUE WARRIORS============: Error initializing RAG chain: Le fichier config.ini n'a pas pu être lu ou est vide.
2025-11-14 15:11:13,818 [INFO] sqlalchemy.engine.Engine: BEGIN (implicit)
2025-11-14 15:11:13,819 [INFO] sqlalchemy.engine.Engine: PRAGMA main.table_info("user")
2025-11-14 15:11:13,819 [INFO] sqlalchemy.engine.Engine: [raw sql] ()
2025-11-14 15:11:13,820 [INFO] sqlalchemy.engine.Engine: PRAGMA main.table_info("patient")
2025-11-14 15:11:13,820 [INFO] sqlalchemy.engine.Engine: [raw sql] ()
2025-11-14 15:11:13,820 [INFO] sqlalchemy.engine.Engine: COMMIT
2025-11-14 15:11:13,831 [INFO] ==============BLUE WARRIORS============: initilisation de rag
2025-11-14 15:11:13,831 [CRITICAL] =========== PIPELINE RAG FINALE ===============: Erreur lors de la lecture du fichier de configuration: Le fichier config.ini n'a pas pu être lu ou est vide.
2025-11-14 15:11:13,831 [ERROR] ==============BLUE WARRIORS============: Error initializing RAG chain: Le fichier config.ini n'a pas pu être lu ou est vide.
2025-11-14 15:11:28,528 [INFO] sqlalchemy.engine.Engine: BEGIN (implicit)
2025-11-14 15:11:28,528 [INFO] sqlalchemy.engine.Engine: PRAGMA main.table_info("user")
2025-11-14 15:11:28,529 [INFO] sqlalchemy.engine.Engine: [raw sql] ()
2025-11-14 15:11:28,529 [INFO] sqlalchemy.engine.Engine: PRAGMA main.table_info("patient")
2025-11-14 15:11:28,529 [INFO] sqlalchemy.engine.Engine: [raw sql] ()
2025-11-14 15:11:28,530 [INFO] sqlalchemy.engine.Engine: COMMIT
2025-11-14 15:11:28,540 [INFO] ==============BLUE WARRIORS============: initilisation de rag
2025-11-14 15:11:28,541 [CRITICAL] =========== PIPELINE RAG FINALE ===============: Erreur lors de la lecture du fichier de configuration: Le fichier config.ini n'a pas pu être lu ou est vide.
2025-11-14 15:11:28,541 [ERROR] ==============BLUE WARRIORS============: Error initializing RAG chain: Le fichier config.ini n'a pas pu être lu ou est vide.
2025-11-14 15:11:41,666 [INFO] sqlalchemy.engine.Engine: BEGIN (implicit)
2025-11-14 15:11:41,667 [INFO] sqlalchemy.engine.Engine: PRAGMA main.table_info("user")
2025-11-14 15:11:41,667 [INFO] sqlalchemy.engine.Engine: [raw sql] ()
2025-11-14 15:11:41,668 [INFO] sqlalchemy.engine.Engine: PRAGMA main.table_info("patient")
2025-11-14 15:11:41,668 [INFO] sqlalchemy.engine.Engine: [raw sql] ()
2025-11-14 15:11:41,668 [INFO] sqlalchemy.engine.Engine: COMMIT
2025-11-14 15:11:41,680 [INFO] ==============BLUE WARRIORS============: initilisation de rag
2025-11-14 15:11:41,680 [CRITICAL] =========== PIPELINE RAG FINALE ===============: Erreur lors de la lecture du fichier de configuration: Le fichier config.ini n'a pas pu être lu ou est vide.
2025-11-14 15:11:41,680 [ERROR] ==============BLUE WARRIORS============: Error initializing RAG chain: Le fichier config.ini n'a pas pu être lu ou est vide.
2025-11-14 15:11:44,332 [INFO] sqlalchemy.engine.Engine: BEGIN (implicit)
2025-11-14 15:11:44,332 [INFO] sqlalchemy.engine.Engine: PRAGMA main.table_info("user")
2025-11-14 15:11:44,333 [INFO] sqlalchemy.engine.Engine: [raw sql] ()
2025-11-14 15:11:44,333 [INFO] sqlalchemy.engine.Engine: PRAGMA main.table_info("patient")
2025-11-14 15:11:44,333 [INFO] sqlalchemy.engine.Engine: [raw sql] ()
2025-11-14 15:11:44,334 [INFO] sqlalchemy.engine.Engine: COMMIT
2025-11-14 15:11:44,345 [INFO] ==============BLUE WARRIORS============: initilisation de rag
2025-11-14 15:11:44,345 [CRITICAL] =========== PIPELINE RAG FINALE ===============: Erreur lors de la lecture du fichier de configuration: Le fichier config.ini n'a pas pu être lu ou est vide.
2025-11-14 15:11:44,346 [ERROR] ==============BLUE WARRIORS============: Error initializing RAG chain: Le fichier config.ini n'a pas pu être lu ou est vide.
2025-11-14 15:12:19,157 [INFO] sqlalchemy.engine.Engine: BEGIN (implicit)
2025-11-14 15:12:19,157 [INFO] sqlalchemy.engine.Engine: PRAGMA main.table_info("user")
2025-11-14 15:12:19,158 [INFO] sqlalchemy.engine.Engine: [raw sql] ()
2025-11-14 15:12:19,158 [INFO] sqlalchemy.engine.Engine: PRAGMA main.table_info("patient")
2025-11-14 15:12:19,159 [INFO] sqlalchemy.engine.Engine: [raw sql] ()
2025-11-14 15:12:19,159 [INFO] sqlalchemy.engine.Engine: COMMIT
2025-11-14 15:12:19,171 [INFO] ==============BLUE WARRIORS============: initilisation de rag
2025-11-14 15:12:19,171 [CRITICAL] =========== PIPELINE RAG FINALE ===============: Erreur lors de la lecture du fichier de configuration: Le fichier config.ini n'a pas pu être lu ou est vide.
2025-11-14 15:12:19,171 [ERROR] ==============BLUE WARRIORS============: Error initializing RAG chain: Le fichier config.ini n'a pas pu être lu ou est vide.
2025-11-14 15:12:21,672 [INFO] sqlalchemy.engine.Engine: BEGIN (implicit)
2025-11-14 15:12:21,672 [INFO] sqlalchemy.engine.Engine: PRAGMA main.table_info("user")
2025-11-14 15:12:21,673 [INFO] sqlalchemy.engine.Engine: [raw sql] ()
2025-11-14 15:12:21,673 [INFO] sqlalchemy.engine.Engine: PRAGMA main.table_info("patient")
2025-11-14 15:12:21,673 [INFO] sqlalchemy.engine.Engine: [raw sql] ()
2025-11-14 15:12:21,674 [INFO] sqlalchemy.engine.Engine: COMMIT
2025-11-14 15:12:21,684 [INFO] ==============BLUE WARRIORS============: initilisation de rag
2025-11-14 15:12:21,684 [CRITICAL] =========== PIPELINE RAG FINALE ===============: Erreur lors de la lecture du fichier de configuration: Le fichier config.ini n'a pas pu être lu ou est vide.
2025-11-14 15:12:21,684 [ERROR] ==============BLUE WARRIORS============: Error initializing RAG chain: Le fichier config.ini n'a pas pu être lu ou est vide.
